employees,firm_age_years,training,access_finance,exporter,digital_payments,competition_level,sector,sales_annual_usd,labor_productivity_usd_per_employee,successful
13.0,10.0,1.0,1.0,0,1,Media,Manufactura,42879.32713007694,5374.714149621036,1
9.0,6.0,0.0,0.0,0,1,Baja,Servicios,54570.89717350395,4728.282630739935,0
15.0,10.0,0.0,0.0,1,1,Baja,Servicios,56311.260029561956,3104.627627846332,0
25.0,12.0,1.0,0.0,1,1,Baja,Servicios,93419.35967549331,3129.017054716013,1
9.0,9.0,0.0,0.0,0,0,Baja,Manufactura,24608.8893612164,2824.64505632583,1
9.0,9.0,0.0,1.0,0,1,Baja,Manufactura,34776.30859942361,2962.2606857503047,1
26.0,5.0,1.0,0.0,0,1,Baja,Manufactura,21037.9131150806,899.0123591471289,0
16.0,5.0,1.0,0.0,0,0,Media,Servicios,20143.243842369033,1555.8004983596302,0
8.0,,1.0,1.0,0,0,Media,Comercio,17823.48899657908,2546.353805233893,1
14.0,19.0,0.0,0.0,0,0,Alta,Comercio,10995.214241869171,504.7454294952379,1
8.0,2.0,0.0,1.0,0,1,Baja,Servicios,16804.096768973468,2693.8545510923077,0
8.0,5.0,1.0,0.0,1,0,Media,Comercio,10669.886988399352,1685.9442382150955,1
12.0,5.0,0.0,1.0,1,1,Media,Servicios,34451.534012313976,3533.140793029094,0
3.0,14.0,1.0,1.0,0,1,Baja,Servicios,32566.19246852257,11915.892137758216,1
4.0,7.0,1.0,1.0,0,1,Alta,Manufactura,29689.89209484419,7842.515376991706,0
7.0,16.0,1.0,1.0,0,0,Baja,Manufactura,39611.208877450146,7325.045241117209,1
5.0,5.0,0.0,0.0,0,1,Alta,Comercio,8335.501727681316,2696.5257067884445,0
12.0,11.0,0.0,0.0,0,1,Alta,Comercio,10122.331899220158,664.697849330145,1
6.0,4.0,1.0,0.0,0,1,Media,Servicios,9772.685088239163,2132.6453082644903,0
4.0,22.0,1.0,0.0,0,0,Media,Manufactura,,3008.5042706214945,0
24.0,2.0,1.0,0.0,0,0,Media,Manufactura,23748.646286259398,957.9625793722932,0
9.0,11.0,0.0,0.0,0,1,Media,Manufactura,20921.02319441472,1583.119547983358,0
10.0,13.0,0.0,0.0,0,0,Media,Comercio,12681.314929694834,1180.9830670903184,0
4.0,11.0,1.0,0.0,0,1,Baja,Servicios,22288.640089416203,4342.570852353752,1
7.0,8.0,1.0,,0,0,Baja,Servicios,19080.022456063096,2427.272227066059,0
11.0,8.0,1.0,1.0,0,1,Media,Comercio,33004.185194825994,2280.0389103591283,1
5.0,9.0,0.0,0.0,0,0,Media,Servicios,18893.163225589014,3377.497711452873,0
12.0,8.0,1.0,0.0,0,1,Alta,Manufactura,17355.088707494764,1306.6302849651647,0
7.0,15.0,1.0,0.0,0,0,Baja,Servicios,27180.07508814536,3977.9346478313905,0
8.0,22.0,1.0,0.0,1,1,Alta,Servicios,31558.015336329667,2634.513674845828,1
7.0,6.0,0.0,1.0,0,1,Baja,Servicios,22583.45075592146,2247.74543421298,1
30.0,1.0,0.0,0.0,0,1,Media,Tecnologia,49837.9825828513,1818.5847374609675,0
10.0,8.0,1.0,0.0,0,1,Media,Servicios,33877.19503398972,2775.407138159176,0
5.0,24.0,0.0,1.0,1,1,Media,Comercio,21942.83473568054,5741.01018704168,1
16.0,4.0,0.0,0.0,0,0,Baja,Comercio,21301.039107145927,1408.442613003119,0
5.0,19.0,1.0,0.0,0,1,Media,,24001.98458564376,5586.7020679737,0
11.0,19.0,0.0,0.0,0,0,,Comercio,17037.06077159774,2203.7684436361633,1
3.0,6.0,1.0,1.0,0,0,Media,Comercio,18128.11568690002,5592.48702503828,1
4.0,12.0,0.0,0.0,0,0,Media,Comercio,12703.185377297274,2750.9236875174265,0
11.0,19.0,1.0,0.0,0,0,Alta,Manufactura,49518.17691264415,5597.78053490209,1
16.0,7.0,1.0,,0,0,Media,Servicios,15501.1522934259,1100.4333220995409,0
11.0,8.0,0.0,0.0,1,1,Media,Servicios,25536.039854635204,2215.2448335793865,0
9.0,6.0,0.0,0.0,0,0,Baja,Tecnologia,15466.7203758615,2433.5000176348854,0
8.0,3.0,0.0,0.0,0,1,Alta,Servicios,18286.367702502073,2167.6708038742895,0
4.0,5.0,0.0,0.0,0,0,Media,Comercio,5762.811200793528,1452.5555589926346,0
6.0,2.0,1.0,1.0,0,0,Baja,Manufactura,27930.09416950284,4679.779273604112,1
8.0,9.0,1.0,1.0,0,1,Baja,Servicios,27999.909767503905,2770.7312434790806,1
19.0,4.0,0.0,0.0,0,1,Alta,Comercio,17200.540682083672,923.0223654974856,1
12.0,10.0,0.0,1.0,0,1,Baja,Servicios,21470.77045386209,2536.9837894512534,1
3.0,0.0,0.0,0.0,0,0,Alta,Servicios,6500.831153287238,2421.9180978423815,0
12.0,11.0,1.0,0.0,0,0,Baja,Servicios,41701.70658318326,3502.234733519521,1
8.0,14.0,0.0,1.0,0,1,Alta,Manufactura,25633.55407506678,3077.196137327343,0
7.0,0.0,1.0,1.0,0,0,Media,Servicios,25422.27390637493,3944.934391038634,0
14.0,11.0,1.0,1.0,0,0,Media,Comercio,59877.27011870792,5158.682909523678,1
19.0,16.0,1.0,0.0,0,1,Alta,Tecnologia,44710.65884759485,2740.3417933433916,0
17.0,2.0,0.0,1.0,1,1,Media,Comercio,30949.88667704027,1675.6309453276767,0
6.0,19.0,1.0,0.0,1,0,Media,Comercio,28163.690525962324,5090.975729690471,0
8.0,12.0,0.0,1.0,0,0,Baja,Comercio,20210.748914165506,2848.4015604228257,0
12.0,5.0,0.0,1.0,0,0,Baja,Servicios,23252.64591764341,1506.3861915530094,0
18.0,9.0,1.0,0.0,0,1,Baja,Comercio,,1288.4108465925906,0
7.0,12.0,1.0,1.0,0,1,Media,Comercio,39100.20425228604,3254.0213508446864,1
9.0,9.0,0.0,0.0,0,1,Baja,Tecnologia,23001.642368072924,2883.4124488488806,0
5.0,12.0,0.0,0.0,0,1,Baja,Tecnologia,22363.87234585725,5275.61186676769,1
5.0,3.0,0.0,0.0,0,1,Media,Manufactura,10065.620979221923,2426.8020773598428,0
16.0,10.0,0.0,0.0,1,0,Media,Manufactura,35984.69577292022,2037.540198711115,0
23.0,1.0,0.0,1.0,0,1,Media,Comercio,26615.53038201109,1250.1485536698312,1
10.0,8.0,0.0,1.0,0,0,Baja,Comercio,24179.110755133683,3451.7882733489096,1
18.0,4.0,0.0,0.0,0,1,Baja,Manufactura,43856.60218791745,3469.4494612450585,0
12.0,5.0,1.0,1.0,0,0,Alta,Servicios,34114.84500347924,2822.24538040086,0
7.0,16.0,1.0,1.0,0,1,Baja,Tecnologia,42360.95407772301,6266.053948348774,1
12.0,,1.0,0.0,0,1,Alta,Comercio,14326.643795996877,1576.0821923308156,1
25.0,13.0,0.0,1.0,0,1,Alta,Comercio,113941.08498726838,3131.7914459320223,0
10.0,2.0,1.0,0.0,0,0,Media,Comercio,33386.0370658044,3079.550768576007,1
26.0,7.0,1.0,1.0,0,0,Baja,Tecnologia,77780.53336289861,4177.39255777961,1
2.0,16.0,1.0,0.0,0,1,Alta,Servicios,9591.335666729992,6119.700216483401,1
16.0,10.0,1.0,,0,1,,Manufactura,34149.73423331362,2340.774893982705,1
11.0,23.0,1.0,0.0,0,0,Media,Comercio,22936.883039200122,1431.0276948032886,0
8.0,11.0,0.0,1.0,0,1,Media,Servicios,39688.75178665297,4899.5762280069075,0
11.0,10.0,0.0,,0,1,Baja,Manufactura,30594.47356508072,2399.9436750241152,1
3.0,7.0,1.0,0.0,0,0,Baja,Comercio,10036.708975143136,3634.227990757022,0
9.0,10.0,1.0,0.0,0,0,Media,Comercio,16842.445828177264,1528.582734727624,0
12.0,8.0,1.0,1.0,1,1,Media,Servicios,66645.17943958436,4297.550541968435,1
24.0,13.0,0.0,0.0,0,1,Media,Comercio,58361.747758065816,1451.199595020856,1
7.0,,0.0,0.0,0,0,Media,Comercio,26865.786940599708,5209.035106630978,1
6.0,4.0,0.0,0.0,0,1,Media,Comercio,18346.824830479534,2766.9743441451087,1
7.0,1.0,1.0,0.0,0,1,Media,Servicios,16869.69580801374,2506.519560826767,0
17.0,0.0,1.0,1.0,1,0,Alta,Tecnologia,13032.149578190329,766.1682206264511,0
12.0,12.0,0.0,1.0,1,0,Baja,Comercio,41387.2505616507,2641.132342799675,1
7.0,2.0,0.0,0.0,0,1,Media,Manufactura,16631.48363082965,1734.329921536939,1
14.0,0.0,0.0,0.0,0,0,Baja,Comercio,20711.02289069086,1150.5958679438522,0
11.0,11.0,1.0,1.0,0,0,Media,Servicios,31683.861486119644,2403.9664660787207,0
18.0,24.0,1.0,0.0,0,1,Media,Comercio,26829.295411588137,1633.580459493916,0
7.0,9.0,1.0,1.0,0,0,Alta,Comercio,24606.990367181403,2881.154260941817,1
8.0,14.0,0.0,1.0,0,1,Baja,Comercio,37113.988551883565,7179.107449531763,1
8.0,9.0,1.0,1.0,0,1,Alta,Comercio,32186.168554576132,5201.167031632998,1
4.0,8.0,0.0,0.0,0,0,Baja,Comercio,17335.172396917693,5304.38082771864,0
12.0,15.0,1.0,0.0,1,1,,Servicios,47673.941238576925,3855.7423938327197,1
12.0,7.0,0.0,1.0,0,1,Baja,Comercio,27811.69382900906,3384.208684114781,0
10.0,,0.0,0.0,1,1,Alta,Servicios,23203.293371980857,2197.2525159612233,1
9.0,11.0,1.0,0.0,0,1,Media,Servicios,25753.23436689499,2839.1942434663383,0
4.0,5.0,1.0,0.0,0,0,Media,Tecnologia,15566.643379529727,4060.5955654835243,0
8.0,,0.0,1.0,0,0,Alta,Comercio,27940.97971411163,4162.469952237767,1
8.0,8.0,1.0,0.0,0,0,Baja,Comercio,26311.399914950292,3856.6069954090062,1
6.0,4.0,0.0,0.0,0,1,Baja,Comercio,33837.35963920607,5007.9403260830495,0
9.0,12.0,0.0,0.0,0,1,Alta,Manufactura,43247.121018854465,4205.77111844599,0
13.0,4.0,0.0,0.0,1,1,Media,Comercio,26406.326094041247,2383.6429961386357,0
31.0,9.0,0.0,1.0,0,1,Baja,Manufactura,16241.505369387578,626.4990425399592,1
11.0,9.0,0.0,0.0,0,1,Media,Servicios,33576.779493163616,2766.5517456136467,1
12.0,16.0,0.0,0.0,1,0,Media,Tecnologia,26097.385815229773,1462.476865838425,0
10.0,12.0,0.0,1.0,0,0,Baja,Manufactura,23489.834390100754,2230.3390882418416,0
3.0,9.0,1.0,0.0,0,0,Baja,Manufactura,13561.715324752913,5283.136388975991,1
10.0,14.0,0.0,0.0,0,1,Baja,Servicios,22573.170491587767,3544.975232230294,0
10.0,17.0,1.0,0.0,1,0,Media,Servicios,38527.857635739114,2855.6713690992533,1
44.0,12.0,0.0,0.0,1,1,Alta,Servicios,30450.62647078167,622.0555513190849,0
9.0,9.0,1.0,0.0,1,1,Alta,Servicios,18237.214535910476,1838.387435144454,0
12.0,1.0,0.0,0.0,0,0,Media,Manufactura,20513.277544630288,2399.156090742487,0
10.0,3.0,0.0,0.0,1,0,Baja,Servicios,28591.730472622385,2834.3058683721647,1
5.0,7.0,0.0,0.0,0,1,Alta,Servicios,15930.762760980844,2539.5387055371257,1
20.0,5.0,0.0,0.0,0,1,Media,Servicios,,1203.4722392754184,0
16.0,8.0,0.0,0.0,0,1,Baja,Servicios,,1207.2810085952415,1
16.0,9.0,1.0,0.0,0,0,Alta,Servicios,20392.962552629568,938.4781808787981,0
6.0,12.0,1.0,1.0,1,1,Media,Manufactura,40546.55281814767,5405.937952432049,1
23.0,9.0,1.0,0.0,1,0,Media,Comercio,66161.01597658558,4437.573329537213,1
4.0,12.0,1.0,0.0,0,1,Media,Servicios,,2331.6834143423366,1
14.0,9.0,0.0,0.0,0,1,Baja,Comercio,25189.248752807423,1848.3622023117139,0
37.0,0.0,0.0,0.0,0,1,Baja,Comercio,24203.07411180588,614.5212976408496,0
6.0,3.0,0.0,0.0,1,1,Media,Servicios,10157.479858152738,1821.1863096316051,0
7.0,8.0,0.0,0.0,0,1,Baja,Comercio,26532.553016196514,4065.436967317977,1
11.0,2.0,0.0,1.0,0,0,Media,Comercio,24917.290983332226,2436.856560175155,0
7.0,13.0,0.0,0.0,0,0,Alta,Comercio,,2316.460613262645,0
4.0,18.0,0.0,1.0,0,0,Alta,Comercio,,6453.998364486863,1
10.0,16.0,0.0,0.0,0,0,Media,Servicios,16965.561702679952,1706.3839812792364,0
5.0,8.0,1.0,0.0,1,0,Alta,Tecnologia,,2602.224554389338,0
13.0,18.0,1.0,0.0,0,0,Alta,Manufactura,59903.32232809376,3953.7989964968365,0
6.0,,0.0,,0,0,Media,Manufactura,13959.990739961062,1418.6153516347604,0
25.0,7.0,1.0,0.0,0,1,Baja,Servicios,58997.4401985125,3916.9861180093935,1
6.0,5.0,1.0,1.0,0,1,Baja,Tecnologia,32613.582487909945,6744.032373948385,1
8.0,7.0,0.0,0.0,1,1,Media,Manufactura,12677.487123955378,1287.7140440747896,0
16.0,7.0,0.0,1.0,0,1,Baja,Manufactura,20715.70087050892,1206.6428197416947,1
5.0,10.0,0.0,1.0,0,1,Baja,Servicios,19011.95424506415,3242.7149327343245,0
11.0,10.0,1.0,0.0,0,0,Baja,Manufactura,42038.20368923147,5619.9363967142,0
22.0,9.0,1.0,0.0,0,1,Media,Tecnologia,57666.05043080143,1837.9611289937511,1
4.0,12.0,0.0,0.0,0,1,Alta,Comercio,16500.0362906101,4244.768289418565,0
11.0,16.0,0.0,0.0,0,1,Baja,Comercio,19326.500089842524,1709.925807820722,0
12.0,15.0,0.0,0.0,0,1,Media,Tecnologia,51342.67302104623,5261.021698014022,1
16.0,0.0,0.0,,0,1,Media,Comercio,15222.877654860851,927.0093529477508,0
5.0,0.0,0.0,0.0,0,1,Baja,Comercio,15062.390908384754,1941.0146213032378,1
5.0,15.0,1.0,0.0,0,1,Alta,Comercio,17014.89484205622,3195.909645968623,0
14.0,1.0,1.0,1.0,0,1,Media,Tecnologia,37293.40474447854,2089.0692052008353,0
12.0,8.0,1.0,1.0,0,0,Media,Servicios,49179.36456098691,4180.631672223352,0
12.0,2.0,1.0,1.0,1,0,Media,Comercio,25589.39954772402,3052.0570164201886,0
12.0,0.0,1.0,0.0,1,1,Baja,Comercio,20299.678086670716,1095.0960401002485,0
7.0,12.0,0.0,0.0,0,1,Media,Manufactura,20064.177058829904,2346.606298755328,0
11.0,14.0,1.0,0.0,0,1,Baja,Comercio,27966.406482676462,2214.2981924560363,1
12.0,6.0,0.0,0.0,0,0,Alta,Manufactura,57572.8377305218,4361.152972602022,0
6.0,0.0,1.0,0.0,0,1,Media,Tecnologia,24514.69956191323,4916.244207612041,0
31.0,6.0,0.0,1.0,1,1,Media,Servicios,50558.458772300735,1561.6718675460281,0
13.0,11.0,1.0,1.0,0,0,Baja,Comercio,25844.22581021912,2205.7961887546408,1
5.0,0.0,0.0,0.0,0,1,Media,Servicios,6550.959224373902,1120.449912268941,0
15.0,10.0,,0.0,1,1,Media,Servicios,22608.859398400178,1596.434529390296,0
6.0,9.0,0.0,0.0,1,1,Media,Comercio,19979.863135342406,4044.730252373564,1
16.0,12.0,0.0,0.0,0,0,Media,Manufactura,42354.60230635181,2204.307671975334,1
20.0,10.0,1.0,0.0,0,0,Media,Manufactura,50366.348400248906,3061.5781490401555,1
6.0,3.0,1.0,0.0,0,0,Alta,Servicios,14536.729187375662,2454.7188100491444,0
18.0,16.0,0.0,0.0,0,1,Media,Servicios,28405.34911534446,2049.448594728412,1
13.0,8.0,0.0,1.0,1,1,Alta,Comercio,35580.956930308326,2602.5877657506444,0
16.0,9.0,0.0,0.0,1,0,Alta,Comercio,19707.292819634804,1354.8777145302104,0
31.0,3.0,0.0,1.0,0,0,Media,Servicios,68980.70763953822,2202.7093021590053,0
9.0,6.0,0.0,0.0,0,1,Baja,Manufactura,21986.968978706245,2384.9360626600023,1
6.0,4.0,1.0,,1,0,Media,Manufactura,20171.62779770727,3586.7632367242118,0
6.0,8.0,0.0,0.0,0,1,Alta,Comercio,6177.7705517634395,1177.5074246446109,0
6.0,19.0,0.0,0.0,0,1,Baja,Manufactura,22784.78769034717,2778.586678794567,0
10.0,1.0,0.0,0.0,0,0,Media,Servicios,20529.370525233866,2937.8554563162384,0
12.0,0.0,0.0,1.0,0,1,Alta,Manufactura,16932.992972383396,886.4252793555461,1
12.0,18.0,0.0,1.0,0,0,Media,Comercio,22069.901353512825,1549.7677381163223,1
16.0,8.0,1.0,0.0,0,1,Media,Servicios,41760.9175975993,2549.2646028146505,0
10.0,5.0,0.0,0.0,0,1,Baja,Manufactura,14501.572514550127,1607.6299153193079,0
24.0,15.0,0.0,1.0,0,0,Baja,Comercio,65552.85588727675,4050.523284909088,0
9.0,5.0,0.0,0.0,0,0,Alta,Manufactura,12458.662456464705,869.8962835169015,0
51.0,20.0,0.0,0.0,0,1,Baja,Servicios,60305.896743857804,1041.5195205228056,1
15.0,13.0,0.0,0.0,0,1,Baja,Servicios,21494.800667203857,842.0233811015095,0
6.0,6.0,1.0,1.0,1,0,Alta,Servicios,26650.59546189185,4477.019426366213,0
5.0,22.0,1.0,1.0,0,1,Media,Comercio,68351.78127093577,14631.11766514724,1
13.0,5.0,0.0,0.0,0,0,Alta,Comercio,20847.83875666656,2386.9105293788275,1
9.0,13.0,0.0,1.0,0,0,Alta,Servicios,15645.239422970459,1791.5851620688302,0
15.0,11.0,0.0,1.0,0,1,Baja,Comercio,57548.94039937729,4980.806393981272,0
13.0,17.0,0.0,0.0,0,1,Baja,Comercio,27082.51756007341,2410.6545886078025,0
10.0,18.0,1.0,0.0,0,1,Media,Comercio,45885.85339027216,4115.497484939341,1
6.0,9.0,1.0,0.0,0,0,Media,Comercio,21260.099302333067,2491.3690728489964,0
4.0,4.0,0.0,1.0,0,1,Baja,Manufactura,7310.678042568654,1957.7429202908738,1
8.0,12.0,0.0,0.0,0,1,Media,Comercio,13135.130613526617,1130.6846351275738,0
17.0,5.0,0.0,1.0,0,1,Baja,Comercio,51546.48468772732,4191.557737759231,0
11.0,21.0,1.0,0.0,0,0,Alta,Servicios,26311.955658140992,2297.0199877482596,0
5.0,10.0,1.0,1.0,0,1,Baja,Servicios,19873.7118804901,5358.876194203304,0
11.0,7.0,0.0,0.0,0,1,Baja,Servicios,19554.14037661572,1576.5488196701217,1
13.0,10.0,0.0,0.0,0,0,,Comercio,11664.422944409052,959.6436843183974,1
6.0,1.0,1.0,1.0,0,0,Alta,Servicios,16602.688703947086,2915.7946721999447,0
11.0,3.0,0.0,1.0,0,0,Media,Servicios,47783.709812317866,4295.330404592824,0
10.0,16.0,0.0,1.0,0,1,Alta,Manufactura,39678.67174996898,3561.0798818691705,1
5.0,5.0,0.0,0.0,0,1,Media,Servicios,29795.529918032746,6573.421490123025,0
12.0,3.0,1.0,1.0,0,0,Media,Servicios,38313.635421238956,2532.883516011289,0
14.0,12.0,0.0,0.0,1,1,Baja,Servicios,53908.60441398722,2845.8845693631197,0
19.0,16.0,0.0,0.0,1,0,Media,Manufactura,75100.33445207818,5392.951139606251,1
19.0,13.0,1.0,0.0,0,0,Media,Servicios,36816.2606195209,2324.006487011768,1
4.0,15.0,0.0,0.0,0,1,Media,Comercio,13355.202513647544,3394.255864799393,0
6.0,4.0,0.0,0.0,0,0,Baja,Comercio,20003.86357837285,5055.372606415373,0
14.0,0.0,0.0,1.0,0,0,Alta,Comercio,33132.55767856541,2213.373241199857,0
14.0,18.0,0.0,0.0,0,1,Baja,Comercio,27049.93782246309,2689.3598250993236,0
14.0,7.0,1.0,1.0,0,1,Alta,Manufactura,28649.132194452905,2138.1892894067087,0
101.0,7.0,0.0,0.0,0,1,Baja,Servicios,83144.44360675807,637.1636017930605,1
14.0,17.0,0.0,,0,1,Media,Servicios,38042.23291360021,4313.068731273094,0
20.0,12.0,0.0,0.0,1,1,Media,Servicios,51524.83522438363,3300.286777268797,0
18.0,12.0,1.0,1.0,0,0,Media,Servicios,24759.95175957815,1334.5584443497214,0
15.0,22.0,1.0,1.0,0,0,Media,Servicios,86680.64707327403,6930.786199741811,0
8.0,5.0,0.0,1.0,1,1,Media,Servicios,,2575.2409771198754,1
16.0,15.0,0.0,1.0,0,1,Media,Comercio,33708.138655705145,2592.020915898829,1
6.0,9.0,1.0,0.0,0,0,Media,Comercio,11688.042106728748,1071.4760313724162,1
9.0,11.0,0.0,0.0,0,1,Media,Servicios,52514.095261929724,4521.784441971802,0
7.0,18.0,1.0,,1,0,Alta,Comercio,32286.923515728013,5891.832622197552,0
10.0,12.0,1.0,0.0,0,1,Baja,Servicios,23086.44948015449,2168.957994305378,0
40.0,12.0,1.0,0.0,0,1,Media,Servicios,74670.31325209531,1966.1724219765922,0
3.0,15.0,0.0,0.0,0,1,Media,Comercio,16508.974504289115,3929.827132196765,0
15.0,7.0,0.0,0.0,0,0,Media,Servicios,19637.9527755701,2077.9474587315385,0
4.0,4.0,1.0,0.0,0,1,Media,Servicios,20158.941207017724,6786.843591442053,1
8.0,3.0,0.0,0.0,0,0,Media,Comercio,10133.695429317482,1204.7272659194018,0
19.0,0.0,0.0,0.0,0,1,Baja,Tecnologia,27587.867017091696,1312.2761280863945,0
10.0,21.0,1.0,0.0,1,1,Baja,Comercio,21445.42405740822,2774.102549538213,1
5.0,2.0,1.0,0.0,0,1,Baja,Servicios,11708.669491792805,3843.9836961565297,0
6.0,8.0,0.0,0.0,0,0,Media,Manufactura,27637.293791839387,5846.520393268186,0
15.0,,0.0,1.0,0,0,Media,Manufactura,53392.406632005644,6126.16537537203,1
6.0,11.0,0.0,0.0,0,1,Alta,Comercio,14490.906721177309,1917.7910492540766,0
11.0,14.0,1.0,0.0,1,1,Media,Manufactura,70313.89167526235,5208.164052440021,0
10.0,14.0,1.0,1.0,0,1,Baja,Comercio,38361.756956192265,2849.7768080148076,0
7.0,6.0,0.0,0.0,0,1,Alta,Servicios,13446.837698396017,2145.288358903827,0
36.0,8.0,0.0,0.0,0,1,Alta,Comercio,34193.2514965475,992.4389783617416,0
15.0,11.0,1.0,1.0,0,0,Media,Comercio,33163.37020943295,2128.479718961541,0
3.0,8.0,0.0,0.0,0,0,Media,Comercio,8788.006607395408,3586.189702866659,1
11.0,19.0,0.0,1.0,0,1,,Comercio,43429.229964995815,5372.6410024378665,0
7.0,12.0,1.0,1.0,0,1,Media,Tecnologia,36034.796743355415,3515.4210209341586,1
17.0,13.0,0.0,0.0,0,0,Alta,Manufactura,30732.41022598797,1557.1565821739525,0
6.0,13.0,1.0,0.0,0,0,Baja,Manufactura,32703.381647251405,6690.943637577727,0
9.0,16.0,0.0,0.0,0,1,Baja,Manufactura,32218.20130088278,3184.7452526085663,0
14.0,10.0,0.0,0.0,1,1,Media,Tecnologia,25586.81980549488,1497.0081039025556,1
17.0,1.0,1.0,0.0,0,1,Media,Servicios,17929.47715279932,1360.5202176408297,0
5.0,11.0,0.0,0.0,0,1,Alta,Servicios,14408.029441368948,2087.511572438785,0
8.0,5.0,1.0,0.0,0,1,Alta,Comercio,16789.917070610467,1946.3231688348137,0
8.0,6.0,0.0,0.0,0,1,Media,Manufactura,19674.14306166893,2669.8564407204303,0
7.0,13.0,0.0,0.0,0,0,Baja,Comercio,17537.100321004335,2170.4912570578467,0
29.0,16.0,0.0,0.0,1,1,Alta,Manufactura,120923.00998766601,5071.553322909986,1
13.0,9.0,0.0,0.0,0,1,Media,Servicios,14881.920141269962,993.0030549770185,0
5.0,11.0,0.0,1.0,1,1,Baja,Servicios,14720.355070630516,4186.84805044051,1
17.0,19.0,0.0,0.0,0,0,Media,Manufactura,33793.92591194593,1926.3579761003516,0
36.0,10.0,0.0,0.0,0,0,Media,Servicios,30768.815055727464,1010.8588080882876,0
19.0,,0.0,,1,1,Media,Servicios,70846.9010704492,4493.303758945356,0
4.0,12.0,1.0,0.0,0,1,Media,Servicios,21280.573848102416,4547.671159479246,0
7.0,0.0,1.0,0.0,1,0,Media,Servicios,30125.566971197826,2575.6255226565877,0
21.0,14.0,1.0,0.0,0,1,Alta,Comercio,20222.362231059884,1053.8557004715146,0
7.0,11.0,0.0,1.0,1,1,,Servicios,24510.12517660896,3565.300144819988,1
13.0,17.0,0.0,0.0,0,1,Media,Comercio,30258.970710119444,2674.600015753949,0
16.0,13.0,1.0,0.0,0,1,Media,Servicios,45339.30510906624,2677.6879806575243,0
6.0,8.0,0.0,0.0,0,1,Media,Manufactura,37121.73494327028,5555.765690524347,0
10.0,2.0,0.0,1.0,0,0,Baja,Servicios,33501.27544015849,5535.138955359811,0
1.0,8.0,1.0,0.0,0,0,Baja,Comercio,9003.376393041395,6230.839945273599,0
5.0,4.0,1.0,0.0,0,1,Media,Comercio,11565.886142859363,2779.0513340508287,0
9.0,6.0,0.0,1.0,0,0,Media,Servicios,17273.353841060027,1662.4460332714061,0
5.0,13.0,0.0,0.0,0,1,Media,Manufactura,14073.117834339799,2587.99611166348,0
27.0,19.0,1.0,1.0,0,1,Baja,Comercio,93343.75524383341,3193.688113633425,0
4.0,11.0,1.0,0.0,0,0,Media,Comercio,15110.421613065146,3090.18743964426,1
8.0,2.0,1.0,1.0,0,0,Media,Servicios,14202.825003912887,2047.880589639343,0
11.0,12.0,1.0,0.0,0,1,Baja,Tecnologia,32213.250181202544,4145.997829134833,1
24.0,16.0,1.0,1.0,0,1,Baja,Manufactura,102285.51487970808,4793.29302033428,1
4.0,5.0,0.0,1.0,0,0,Alta,Servicios,14161.363798732511,3633.0355374227197,0
20.0,8.0,0.0,0.0,0,0,Alta,Servicios,26836.359810632814,1048.557362573205,0
10.0,9.0,1.0,0.0,1,0,,Manufactura,38749.18485495796,4409.366123849032,1
6.0,4.0,1.0,0.0,1,1,Media,Comercio,37854.356037269165,10816.513550626225,0
13.0,13.0,1.0,0.0,0,1,Media,Manufactura,36610.72845518498,2560.5403520414766,1
11.0,8.0,0.0,0.0,0,1,,Comercio,15765.679583093803,1304.662297612,0
7.0,12.0,0.0,0.0,0,1,Media,Comercio,12697.730853463825,1576.5530859707228,0
10.0,4.0,1.0,0.0,0,0,Media,Servicios,21551.608010667143,1906.9627246060925,1
8.0,6.0,,0.0,0,1,Baja,Servicios,10638.418475889712,669.4528133844801,0
11.0,13.0,1.0,0.0,0,1,Media,Comercio,25493.97698910263,2564.6084128827397,1
15.0,7.0,1.0,0.0,0,0,Alta,Tecnologia,24315.756777771076,1312.1753363276146,0
26.0,19.0,1.0,0.0,0,1,Media,Servicios,30857.819867980255,793.5235036994088,0
5.0,7.0,1.0,0.0,0,1,Media,Comercio,12047.044806237174,2908.620636012143,0
36.0,10.0,1.0,0.0,1,0,Baja,Comercio,78384.774722114,1661.309794052205,1
3.0,15.0,0.0,0.0,0,0,Media,Comercio,11651.742408737467,3568.610055100648,0
9.0,0.0,,0.0,1,0,Media,Manufactura,24392.908113409183,3910.5516829311946,0
14.0,0.0,0.0,0.0,1,1,Media,Manufactura,31465.571142804103,1580.1704000852467,0
12.0,0.0,0.0,0.0,0,0,Alta,Servicios,15110.449485656294,858.4132217211675,0
,17.0,1.0,1.0,0,0,Baja,Tecnologia,57222.05871651725,8743.896064215447,1
9.0,6.0,0.0,0.0,0,1,Media,Manufactura,21112.530689721254,3126.8121384587785,0
7.0,24.0,0.0,1.0,1,1,Alta,Manufactura,21705.44127481173,2091.8888223889003,1
7.0,6.0,0.0,1.0,1,0,Media,Comercio,,6174.916386667996,1
17.0,10.0,0.0,1.0,0,1,,Manufactura,52539.65834234152,3573.7119673030224,0
12.0,18.0,0.0,1.0,0,0,Media,Servicios,24550.397899875818,1222.6630297354457,1
7.0,21.0,0.0,0.0,0,1,Alta,Servicios,12369.6633072113,2157.5259095397696,0
17.0,21.0,1.0,0.0,0,1,Baja,Manufactura,59651.49226196604,4368.664216505909,0
12.0,16.0,0.0,1.0,0,1,Alta,Servicios,29077.26699273796,2241.4066169428215,0
16.0,15.0,0.0,0.0,1,0,Alta,Servicios,48012.59802665014,4103.996699672787,0
15.0,13.0,0.0,0.0,0,1,Baja,Manufactura,30572.501771216823,2707.8762673887977,1
6.0,14.0,1.0,1.0,0,1,Media,Manufactura,,3956.78583873965,1
7.0,6.0,0.0,1.0,0,0,Media,Servicios,25469.107453440218,3250.129197692945,1
,4.0,1.0,1.0,0,0,Media,Manufactura,49717.68588901641,2436.5059548442873,1
14.0,9.0,1.0,1.0,0,0,Alta,Comercio,30347.08025139064,2147.3877497899543,1
10.0,8.0,1.0,1.0,0,1,Alta,Comercio,35226.97371057902,4061.9645044371055,0
11.0,6.0,0.0,0.0,1,1,Baja,Manufactura,31936.60634304895,2677.3122462080973,1
21.0,13.0,,1.0,1,0,Media,Comercio,57868.36462457127,1590.8574803455758,0
7.0,15.0,0.0,0.0,0,0,Media,Servicios,24870.55013107718,4879.06060533488,1
14.0,10.0,,0.0,1,1,Media,Servicios,47490.69269279436,3557.4081230416396,0
9.0,18.0,1.0,1.0,0,1,Media,Comercio,33562.87242764562,3391.559235909401,0
9.0,2.0,0.0,0.0,0,0,Baja,Comercio,26258.596292519407,3614.8791793114638,1
19.0,8.0,0.0,0.0,0,1,Media,Manufactura,13412.647310815702,1033.4665779876543,0
16.0,5.0,0.0,0.0,0,0,Media,Manufactura,46466.78327900883,1441.481068239403,0
16.0,0.0,1.0,1.0,1,1,Baja,Comercio,27479.11817223459,1914.3986784245399,0
,9.0,0.0,0.0,0,1,Alta,Manufactura,24029.5434670228,764.5860482933341,1
10.0,8.0,1.0,1.0,0,0,Alta,Servicios,24551.328915146332,2781.411457672719,1
15.0,18.0,0.0,0.0,0,1,Media,Servicios,28499.89159248424,1961.7400950725053,0
8.0,13.0,1.0,1.0,0,1,Media,Manufactura,49747.5940963109,7289.625642391888,1
12.0,3.0,1.0,1.0,0,1,Media,Servicios,22799.16816054314,1676.9983479133039,1
9.0,20.0,1.0,0.0,0,1,Media,Servicios,32134.650677108955,2235.355560741764,0
11.0,16.0,1.0,0.0,0,0,Baja,Comercio,23209.6732922585,1885.290317089022,0
14.0,12.0,0.0,0.0,0,0,Media,Comercio,23358.75065726492,1847.117384910772,0
6.0,8.0,,1.0,1,0,Baja,Manufactura,27490.074495028588,5905.674243993779,1
35.0,3.0,1.0,1.0,0,1,Baja,Servicios,69387.56103268113,1479.0525723909798,1
5.0,7.0,0.0,1.0,0,1,Baja,Servicios,18196.67231864714,4704.718456413546,1
5.0,16.0,0.0,0.0,0,1,Baja,Servicios,16398.502940697046,2789.281572320837,1
20.0,20.0,0.0,1.0,0,0,Baja,Comercio,49763.2839321998,2724.1532299434944,0
16.0,18.0,0.0,1.0,0,0,Alta,Servicios,43155.61287404504,2374.413065922936,0
15.0,6.0,0.0,1.0,0,0,Media,Comercio,21026.23095351971,1467.0641209572877,0
15.0,2.0,1.0,1.0,1,1,Baja,Manufactura,42060.11387233284,3504.3991707872615,1
10.0,10.0,0.0,0.0,0,1,Baja,Manufactura,32976.59868121929,2426.5234810211905,0
6.0,0.0,0.0,0.0,0,1,Alta,Servicios,12074.779523253088,1697.8843856290405,0
10.0,11.0,0.0,1.0,1,1,Media,Comercio,45139.67032404238,4727.596915892418,1
7.0,8.0,1.0,1.0,0,1,Media,Comercio,19161.60513337047,4989.792423814122,1
18.0,6.0,0.0,0.0,0,0,Alta,Tecnologia,12389.911288167335,554.7228550229138,0
9.0,0.0,1.0,0.0,0,1,Media,Tecnologia,19533.19045944792,3614.3932083925715,0
6.0,12.0,1.0,0.0,1,1,Media,Servicios,19891.0899399975,5471.858091681693,0
8.0,6.0,0.0,0.0,1,1,Baja,Comercio,23597.535969878783,2878.798354817899,0
13.0,2.0,1.0,,0,0,Media,Servicios,17406.268976026666,1242.7702225746323,0
7.0,0.0,1.0,1.0,0,0,Media,Servicios,26450.9877568012,3178.365443573521,0
6.0,9.0,1.0,1.0,0,0,Media,Servicios,20158.836155412195,3303.0048320630763,1
12.0,20.0,1.0,0.0,1,0,Media,Comercio,36076.18463344005,2114.9822801102555,1
12.0,19.0,0.0,0.0,1,1,Media,Comercio,34128.709915755506,2790.36541104484,0
7.0,6.0,0.0,0.0,0,0,Baja,Servicios,17499.491988613743,3634.537147508941,0
8.0,5.0,0.0,0.0,0,1,Baja,Comercio,18958.891878527487,2034.1137952483434,1
11.0,12.0,0.0,1.0,0,1,Media,Servicios,36366.70361063498,3112.9700524295968,0
4.0,3.0,1.0,1.0,0,0,Alta,Comercio,10622.307554025036,1735.6409977666572,0
4.0,11.0,0.0,0.0,0,0,Media,Servicios,19399.200370134236,5325.214583201175,0
6.0,14.0,1.0,1.0,0,1,Media,Servicios,26356.296922246667,4692.98185697594,1
9.0,16.0,1.0,1.0,0,1,,Comercio,25219.67197475505,2847.169481856505,1
12.0,8.0,1.0,1.0,0,1,Baja,Servicios,44826.18891272161,3538.4158614560324,1
24.0,8.0,1.0,0.0,1,1,Baja,Comercio,39993.35262139945,1548.7837504744894,1
17.0,4.0,0.0,1.0,0,1,Media,,41546.62435076557,2770.639027129801,0
9.0,4.0,0.0,0.0,0,1,Baja,Comercio,43121.79155156133,4756.916889256733,1
10.0,8.0,0.0,0.0,0,1,Baja,Servicios,17989.47543812442,1946.32847387684,0
5.0,11.0,0.0,0.0,1,0,Media,Comercio,17497.232852661342,3692.672821270434,0
10.0,14.0,0.0,0.0,1,1,Baja,Manufactura,19272.132971434345,2552.1391600353,1
8.0,4.0,0.0,0.0,0,1,Media,Servicios,19917.227661616093,2948.7815511493045,0
12.0,18.0,1.0,0.0,0,1,Media,Comercio,,1994.2655729242538,1
6.0,7.0,0.0,0.0,0,0,Media,,10695.287100560168,2605.564173249751,1
14.0,9.0,0.0,1.0,0,1,Media,Comercio,21077.835964652695,1672.3534114795245,0
25.0,5.0,1.0,1.0,0,1,Media,Servicios,64744.628916910755,3588.7917766131154,0
9.0,0.0,0.0,0.0,1,1,Media,Comercio,28253.66114589805,3653.6772348221507,1
13.0,14.0,0.0,1.0,0,0,Media,Comercio,28047.824679732235,1361.3569371629867,0
15.0,13.0,1.0,1.0,1,0,Alta,Manufactura,33402.1133316022,3085.697300369782,1
8.0,7.0,1.0,1.0,0,0,Baja,Comercio,47610.403638467695,6155.855975098277,1
11.0,,1.0,0.0,0,0,Baja,Comercio,19265.189869243266,1728.7798456858773,0
10.0,12.0,0.0,1.0,0,0,Alta,Comercio,9780.355333763495,1049.3047583543766,0
11.0,0.0,1.0,1.0,0,0,Media,Tecnologia,34445.54019969689,2872.6601114587015,0
6.0,6.0,1.0,1.0,0,1,Media,Manufactura,18243.77940171444,3218.1990861923146,0
10.0,14.0,0.0,0.0,0,1,Media,Servicios,32107.83877047932,2769.16571579968,0
13.0,1.0,1.0,0.0,0,0,Baja,Manufactura,23531.220196994032,2489.163637981431,1
24.0,11.0,1.0,1.0,0,1,Media,Comercio,,2599.905764981295,0
18.0,1.0,1.0,,0,1,Media,Manufactura,52468.41034857334,2649.030071581481,0
36.0,12.0,1.0,0.0,1,0,Baja,Manufactura,45656.63631760903,1006.4190926005015,0
6.0,9.0,1.0,0.0,0,1,Media,Servicios,16222.794273510315,2891.7208803735502,1
17.0,0.0,1.0,1.0,0,0,Alta,Comercio,26192.269564265185,1614.5039267749573,1
11.0,16.0,0.0,1.0,0,0,Media,Servicios,47707.39131405907,4779.314951678552,0
37.0,5.0,1.0,0.0,0,1,Baja,Servicios,43055.20620983691,900.1015155777836,0
6.0,4.0,0.0,1.0,0,0,Media,Servicios,13550.439868464711,1513.4082710667242,0
6.0,10.0,0.0,0.0,1,1,Media,Comercio,23100.27458937017,4501.824958245581,1
7.0,16.0,1.0,1.0,0,1,Alta,Servicios,23147.979889755083,4793.006284486955,0
3.0,3.0,1.0,1.0,0,1,Media,Servicios,18212.181413830505,4696.840198272813,0
7.0,9.0,1.0,1.0,0,0,Baja,Comercio,15408.194396984942,3275.1040626522063,0
6.0,12.0,0.0,1.0,0,0,Media,Servicios,41825.691624763436,7483.713143308332,1
11.0,13.0,0.0,0.0,0,1,Media,Servicios,14603.265203616063,1325.2275080095899,1
12.0,10.0,0.0,1.0,0,0,Baja,Servicios,27122.22279619465,2046.3538449062676,0
31.0,7.0,1.0,0.0,0,1,Media,Servicios,43511.75384862685,992.9394393810846,0
18.0,4.0,1.0,1.0,1,0,Media,Comercio,81705.96470321028,5810.620580680183,1
7.0,10.0,1.0,,0,1,Media,Servicios,18033.687663519802,2122.1501707841207,1
6.0,3.0,1.0,1.0,0,0,Baja,Tecnologia,53559.42314010098,7345.446608876732,0
13.0,0.0,1.0,0.0,0,1,Media,Comercio,30530.86501707039,3009.489188981961,0
5.0,12.0,1.0,1.0,0,1,Alta,Servicios,26041.613886849693,3252.786516025183,0
30.0,14.0,0.0,0.0,0,1,Alta,Servicios,25237.11915359001,574.7725157193886,0
20.0,0.0,0.0,0.0,0,0,Alta,Comercio,22123.303201138184,1101.16164340726,1
8.0,3.0,1.0,1.0,1,1,Alta,Comercio,22010.0225639479,2960.5571775398976,1
4.0,13.0,1.0,0.0,1,0,Baja,Servicios,33945.86369814646,9579.796143271782,1
22.0,21.0,0.0,1.0,1,1,Media,Servicios,45371.98434187118,1912.4836791106957,1
9.0,,1.0,0.0,0,1,Media,Manufactura,25054.690339483543,5240.562756941015,0
21.0,5.0,0.0,0.0,0,1,,Servicios,20655.31124658314,929.1146942789607,0
4.0,8.0,0.0,1.0,0,0,Baja,Servicios,12253.38880660002,2891.6047847853583,0
7.0,17.0,1.0,0.0,0,1,Alta,Manufactura,30612.22701673589,3583.151385943899,0
10.0,5.0,1.0,0.0,0,0,Media,Comercio,23069.18357786657,2379.497411599232,1
10.0,4.0,1.0,1.0,0,0,Alta,Servicios,35383.32594498134,4126.36100382684,0
8.0,6.0,0.0,0.0,0,0,,Comercio,,1502.6270195160957,0
14.0,3.0,0.0,0.0,0,1,Baja,Servicios,37267.889234274655,1834.4664599687057,1
5.0,10.0,1.0,0.0,0,0,Media,Manufactura,41042.96915053807,7718.984384304839,0
9.0,19.0,1.0,1.0,0,0,Baja,Comercio,30648.75804334693,3807.769049479324,1
11.0,11.0,0.0,1.0,0,1,Alta,Manufactura,55714.776145401374,5865.657042219205,1
14.0,7.0,1.0,1.0,0,0,Baja,Tecnologia,39867.67664384119,2852.357146055441,1
15.0,7.0,0.0,0.0,0,1,Media,Manufactura,16491.17039507208,1259.0795037294192,1
5.0,0.0,1.0,1.0,0,1,Media,Manufactura,19900.424720689596,3251.323644262632,0
4.0,14.0,1.0,1.0,0,1,Media,Comercio,32665.09124164689,12055.113882550091,1
21.0,9.0,0.0,1.0,0,1,,Servicios,29992.76846832666,1830.5031777364484,1
12.0,8.0,0.0,0.0,0,1,Media,Comercio,17233.38234712557,1026.0430864065697,0
6.0,28.0,1.0,1.0,0,1,Baja,Comercio,50110.67725772625,6383.387247737643,0
25.0,11.0,1.0,1.0,0,0,Baja,Manufactura,59935.49243572146,1845.3382525298273,1
11.0,4.0,1.0,0.0,1,1,Media,Servicios,37172.20898441622,4003.458576667714,0
20.0,6.0,1.0,0.0,0,1,Media,Manufactura,40365.37653391081,1463.8327773195938,1
10.0,16.0,1.0,1.0,0,1,Media,Manufactura,48762.22732414131,4488.931976697004,1
34.0,10.0,1.0,0.0,1,0,Media,Tecnologia,51232.84036484507,1688.256457262891,1
29.0,0.0,0.0,1.0,0,0,Media,Manufactura,40609.7875673909,1377.3643711050686,1
9.0,15.0,0.0,1.0,0,0,Media,Servicios,17887.210677186857,2120.3544577564226,1
18.0,5.0,0.0,1.0,0,0,Baja,Servicios,,2283.7423791210563,1
15.0,20.0,0.0,0.0,0,1,Media,Servicios,24907.584795905084,1926.7521462751074,0
23.0,15.0,0.0,0.0,0,0,Alta,Servicios,39855.9198828126,1486.573428740618,0
6.0,6.0,0.0,1.0,0,1,Alta,Comercio,15779.835119374256,2424.9683647167967,0
15.0,17.0,1.0,0.0,1,1,Media,Manufactura,52136.650816953756,3688.61446163659,0
19.0,9.0,1.0,1.0,0,0,Media,Manufactura,36185.5503904372,1954.2186672895325,1
3.0,14.0,1.0,0.0,0,1,Alta,Comercio,9403.746923400986,3153.4305849419256,0
5.0,12.0,0.0,0.0,0,0,Media,Servicios,,1204.3640586841966,0
3.0,4.0,0.0,0.0,1,0,Baja,Servicios,9275.190655455057,2868.6556995174597,0
8.0,,,0.0,0,1,Baja,Servicios,17945.692965433987,2244.436519068554,0
15.0,15.0,0.0,1.0,0,1,Media,Servicios,40500.982409372984,1914.592337624837,1
25.0,7.0,0.0,0.0,0,1,Alta,Comercio,38622.32883993317,1376.1937140089672,0
10.0,7.0,1.0,0.0,0,0,Media,Servicios,17833.38050067595,1964.8322778453894,1
27.0,3.0,1.0,0.0,0,0,Baja,Servicios,27667.845706573782,744.5873677437103,0
4.0,12.0,1.0,0.0,0,1,Baja,Servicios,12164.056294399119,4060.623160056837,1
4.0,21.0,1.0,0.0,0,1,Media,Comercio,22953.21098965639,7881.882676359821,0
10.0,3.0,0.0,1.0,0,0,Alta,Comercio,28766.31836200308,2107.1418682770773,0
13.0,9.0,1.0,0.0,1,0,Media,Comercio,45555.97757182335,4920.43724205545,1
10.0,17.0,1.0,0.0,0,1,Media,Comercio,35714.74336370238,3445.548447244924,1
3.0,9.0,,0.0,1,1,Baja,Tecnologia,24783.96274974917,9172.529852420555,0
9.0,12.0,1.0,1.0,0,0,Alta,Servicios,46008.89949516264,4515.191069025494,1
5.0,3.0,0.0,0.0,0,1,Alta,Comercio,12653.589635719327,3187.5870979611,0
15.0,12.0,1.0,0.0,0,1,Baja,Manufactura,51899.746452841384,3829.7028237353697,1
12.0,8.0,1.0,1.0,0,0,Media,Comercio,26172.062262372605,1779.3489732472065,0
6.0,15.0,0.0,0.0,0,0,Baja,Manufactura,12010.486260001393,1495.8882147201407,0
7.0,16.0,1.0,0.0,0,1,Baja,Servicios,22078.194644276107,2189.349999537574,0
5.0,25.0,1.0,0.0,0,1,Baja,Comercio,26695.813773547234,5596.012537723434,0
10.0,12.0,1.0,1.0,0,1,Baja,Servicios,42029.09016186707,4849.592890791845,1
18.0,11.0,0.0,0.0,0,1,Media,Comercio,54265.366662290944,3547.545197230929,1
6.0,10.0,1.0,1.0,0,0,Media,Servicios,23358.064790481883,3779.862256073193,0
13.0,7.0,0.0,1.0,0,1,Media,Servicios,45710.1995415703,2632.9976456341424,0
7.0,11.0,0.0,0.0,0,0,Media,Comercio,12574.368982266442,1514.721639579802,0
6.0,7.0,0.0,0.0,1,0,Baja,Comercio,16434.92663209305,3653.685680132228,1
9.0,10.0,1.0,0.0,0,1,Baja,Servicios,17876.97995459245,1759.6802750605798,0
5.0,17.0,1.0,1.0,0,1,Media,Comercio,20366.62689217481,4222.021829471016,0
7.0,3.0,1.0,0.0,0,1,Media,Comercio,21853.93629066809,2385.856754334378,0
5.0,16.0,1.0,0.0,0,0,Media,Servicios,17608.090646341996,3830.7719682104303,0
32.0,17.0,0.0,0.0,1,0,Alta,Comercio,54672.038347802896,1523.7819255720706,0
10.0,8.0,0.0,1.0,0,1,Media,Comercio,27344.789613274035,3552.384572050593,0
7.0,0.0,0.0,0.0,0,0,Alta,Comercio,9417.585721154459,1632.4109629339384,1
11.0,5.0,0.0,1.0,0,0,Media,Servicios,48465.26136189058,3892.3983936804457,0
9.0,17.0,0.0,0.0,0,0,Baja,Servicios,21797.608743534365,2346.4644101759327,0
9.0,9.0,0.0,0.0,1,1,Media,Comercio,35083.00627634403,3396.39041222087,0
14.0,3.0,,0.0,0,1,Baja,Tecnologia,25668.103428007104,1285.7387817632425,0
16.0,6.0,0.0,0.0,0,0,Media,Comercio,25968.178329640665,1309.8629958280117,0
7.0,14.0,0.0,0.0,0,1,Baja,Servicios,30653.383556347424,4601.522525423692,0
7.0,,0.0,0.0,0,1,Alta,Comercio,16691.66943346845,2586.5229518851784,1
8.0,8.0,1.0,1.0,0,1,Baja,Manufactura,16291.593125785883,2113.49853915478,0
3.0,7.0,1.0,1.0,0,1,Alta,Servicios,16561.736108526253,5119.462375616733,1
4.0,7.0,1.0,1.0,0,1,Alta,Tecnologia,32920.53376142948,10392.338790070757,0
23.0,3.0,0.0,0.0,1,0,Media,Tecnologia,42047.19253506604,1857.411551429879,0
27.0,19.0,0.0,0.0,0,1,Media,Servicios,48569.745085240254,2144.6522091214815,0
9.0,7.0,1.0,0.0,0,1,Media,Tecnologia,14612.489310686464,1042.0690780966347,1
14.0,16.0,0.0,1.0,0,0,Alta,Servicios,21704.357718100568,581.4999833640895,0
12.0,18.0,0.0,1.0,1,1,Media,Manufactura,55198.84551741267,4938.108660765803,0
63.0,15.0,0.0,0.0,0,1,Alta,Comercio,59338.86951721387,659.6396512093452,0
20.0,6.0,0.0,0.0,0,0,Media,Comercio,34808.63314218047,1650.4042131549165,0
9.0,11.0,0.0,0.0,0,0,Alta,Comercio,13956.748543698997,1437.9440067682347,0
6.0,9.0,0.0,0.0,0,0,Media,Manufactura,17227.96151514182,4270.045208733742,0
4.0,4.0,1.0,0.0,0,0,Media,Servicios,12873.443647978005,3556.8358186530086,1
11.0,11.0,0.0,1.0,0,1,Alta,Comercio,17841.254079649876,1690.5990008799154,1
6.0,2.0,0.0,1.0,0,0,Alta,Servicios,6481.606116357173,1331.700446145576,0
4.0,16.0,1.0,0.0,0,1,Media,Servicios,21677.805846384203,5942.435110867807,0
7.0,6.0,0.0,0.0,0,0,Baja,Servicios,17371.29431528965,2213.311243853675,0
5.0,10.0,0.0,1.0,1,1,Media,Comercio,19131.786460142506,5001.72190669658,1
27.0,11.0,1.0,0.0,1,0,Alta,Servicios,23482.292625716906,659.0026217292365,1
17.0,7.0,0.0,0.0,0,0,Media,Servicios,27892.50508811169,1778.8311133991288,0
10.0,13.0,,0.0,0,0,Alta,Servicios,15363.815396578228,1043.4552410973342,1
24.0,6.0,0.0,0.0,0,1,Baja,Servicios,43620.733552835445,1912.6021777296298,0
10.0,14.0,0.0,0.0,0,1,Media,Comercio,41492.14394145398,4354.311153782883,1
6.0,1.0,0.0,1.0,1,0,Media,Tecnologia,10708.03607775725,2713.797013213137,0
25.0,10.0,1.0,0.0,0,0,Alta,Servicios,24516.283609111542,663.1316347772595,0
14.0,21.0,0.0,0.0,0,1,Baja,Tecnologia,37954.60601002239,2332.8991007412765,0
5.0,3.0,1.0,1.0,0,0,Alta,Manufactura,29397.26344894655,7222.017054042212,0
9.0,5.0,0.0,0.0,0,0,Media,Comercio,8380.649902146912,1012.6090341048654,1
6.0,12.0,0.0,1.0,0,1,Baja,Comercio,49207.53006980163,8579.39549245389,0
4.0,10.0,1.0,1.0,0,0,Media,Manufactura,21434.143439251744,4219.247740216032,1
17.0,11.0,0.0,0.0,0,1,Media,Servicios,27285.323482392152,1384.627326614856,0
31.0,12.0,0.0,1.0,0,1,Media,Comercio,46297.064179473455,2038.780016836455,1
4.0,13.0,0.0,0.0,0,1,Baja,Comercio,13718.475645826928,3385.7378264964514,1
14.0,16.0,0.0,1.0,0,0,Baja,Comercio,50225.01439786638,3940.453395893725,1
7.0,11.0,0.0,0.0,0,0,Alta,Manufactura,10175.219514605236,1412.3402407719798,0
7.0,8.0,1.0,1.0,1,1,Baja,Servicios,45188.04372629965,4802.569103615846,1
7.0,13.0,0.0,1.0,0,0,Baja,Comercio,20398.75737376851,3680.3816034992224,1
6.0,20.0,0.0,0.0,0,0,Media,Comercio,12252.727876770214,2315.897318276853,1
10.0,8.0,0.0,0.0,0,0,Media,Servicios,42956.0900595117,7644.623183514128,0
6.0,3.0,1.0,1.0,1,1,Media,Servicios,33891.459827703984,4382.013167263852,1
12.0,16.0,0.0,1.0,1,0,Media,Comercio,42760.28743780233,4376.924849990813,1
10.0,8.0,1.0,0.0,0,1,Alta,Manufactura,35634.3120137113,2567.256733113421,0
9.0,0.0,1.0,1.0,1,1,Media,Comercio,19515.207653789945,2255.3521072453404,1
6.0,14.0,1.0,0.0,1,1,Baja,Manufactura,62664.64864632056,13331.966520500202,1
7.0,6.0,0.0,0.0,0,1,Baja,Comercio,7582.193642009098,645.2345585602078,1
16.0,8.0,0.0,0.0,0,0,Media,Servicios,16868.429816470485,1001.6232920495576,1
13.0,11.0,1.0,0.0,0,1,Media,Servicios,25560.93390749195,1707.9833989271397,1
6.0,10.0,1.0,1.0,1,0,Media,Servicios,34677.7572761931,4849.374302999622,0
11.0,13.0,1.0,0.0,0,1,Media,Servicios,30861.04693140091,3089.170665418222,1
16.0,6.0,0.0,1.0,1,1,Media,Servicios,38866.274727695236,3214.621448581321,0
4.0,12.0,0.0,0.0,0,0,Baja,Comercio,13319.598236559825,3220.776444463694,0
14.0,7.0,0.0,0.0,0,0,Baja,Manufactura,18090.089979593915,1360.2636628032465,0
,13.0,1.0,0.0,0,1,Media,Servicios,13543.493274825134,1990.8730678408285,1
14.0,13.0,0.0,0.0,0,1,Media,Servicios,34122.30921117686,2438.406973603188,0
6.0,3.0,0.0,0.0,0,1,Media,Servicios,18528.173070770492,2351.838384799952,0
3.0,16.0,1.0,0.0,0,1,Baja,Comercio,31730.540853364102,13954.171735507089,1
4.0,6.0,0.0,0.0,1,0,Media,Servicios,10266.945797102531,2763.323356093236,1
10.0,14.0,1.0,0.0,0,0,Alta,Servicios,26724.278107400354,2949.7125477664144,0
12.0,11.0,,0.0,0,1,Baja,Tecnologia,28550.359063960525,1944.7539314034432,0
6.0,20.0,0.0,0.0,0,0,Media,Manufactura,27637.16839710592,4106.606338752984,0
15.0,8.0,0.0,1.0,0,0,Alta,Servicios,35832.50671041953,2285.9272473436386,0
4.0,7.0,1.0,1.0,1,1,Media,Comercio,26772.06150463869,4560.960914101058,1
10.0,9.0,0.0,0.0,0,1,Media,Servicios,18435.009854206335,1208.8359743677083,0
5.0,7.0,0.0,0.0,1,0,Baja,Manufactura,26843.902269500737,4620.088203196799,0
7.0,14.0,1.0,0.0,0,0,Media,Comercio,23673.449646262798,3853.855958072427,1
10.0,0.0,0.0,1.0,0,1,Baja,Servicios,21360.276960571104,1814.2343624554944,1
6.0,3.0,0.0,0.0,0,1,Alta,Manufactura,8773.76279404944,1133.4941145311088,0
8.0,3.0,0.0,0.0,0,1,Media,Servicios,15085.465390035508,1538.2090241599324,1
18.0,15.0,0.0,0.0,0,0,Alta,Servicios,40128.266848910076,1989.4806628780336,0
7.0,,1.0,,0,1,Media,Servicios,38061.6827699101,4977.0292890422725,0
16.0,8.0,0.0,0.0,0,1,Media,Comercio,16696.47210425954,1793.1773222186582,1
5.0,8.0,,1.0,0,0,Media,Servicios,10946.254396825181,2849.702429751981,0
14.0,9.0,0.0,0.0,0,0,Alta,Servicios,29073.051476448712,2683.03301726444,1
24.0,16.0,1.0,1.0,0,0,Alta,Servicios,30360.847222883185,1694.2583928548825,1
2.0,3.0,0.0,0.0,0,1,Media,Servicios,10899.695390948067,4245.596996812305,0
6.0,,0.0,0.0,0,1,Alta,Manufactura,12767.085038619274,1567.5591916900482,1
14.0,15.0,0.0,1.0,1,1,Media,Servicios,79649.68290208223,4313.989666864744,0
9.0,12.0,0.0,0.0,0,1,Media,Servicios,15879.32331437781,2463.0977321193177,0
12.0,10.0,0.0,1.0,0,0,Media,Comercio,37082.43484529327,2695.109424137517,0
7.0,15.0,0.0,0.0,1,1,,Manufactura,32480.441164850996,3393.5918500061553,1
11.0,0.0,1.0,0.0,0,1,Baja,Manufactura,31100.116880179783,2538.484512975111,1
9.0,13.0,0.0,1.0,0,1,Baja,Comercio,15534.424840424188,1626.0968267944509,0
20.0,5.0,1.0,0.0,0,1,Media,Servicios,15575.70592904624,832.8376389923403,1
12.0,0.0,,1.0,0,0,Media,Manufactura,26729.525770632594,2371.68315228439,1
12.0,12.0,0.0,0.0,0,1,Media,Comercio,24912.856357889537,1687.8106218979315,0
8.0,17.0,0.0,1.0,0,1,Alta,Servicios,16994.656971223973,2521.544360530846,0
7.0,8.0,0.0,0.0,1,1,Media,Manufactura,15782.391795794161,1921.6541330773262,0
8.0,15.0,1.0,0.0,0,1,Media,Servicios,30791.345461735644,3701.444071626711,0
13.0,19.0,0.0,1.0,0,1,Baja,Tecnologia,61113.04344908024,5581.56654950258,1
8.0,17.0,0.0,1.0,0,0,,Manufactura,29035.199430282548,3091.3626314290486,0
12.0,19.0,0.0,1.0,0,0,Media,Comercio,38399.23240868902,2775.394680670063,1
35.0,13.0,1.0,1.0,0,0,Media,Tecnologia,44979.61259502322,1490.003225321819,0
17.0,9.0,1.0,1.0,0,0,Media,Comercio,31480.61523007518,1494.40080724581,1
8.0,0.0,0.0,0.0,0,0,Baja,Servicios,27867.897540955906,3163.9962129815904,0
21.0,8.0,1.0,0.0,0,0,Media,Comercio,30272.230763560732,1656.3956104495755,1
8.0,4.0,0.0,0.0,1,1,Baja,Servicios,25711.22375777463,5370.973555485073,1
3.0,22.0,0.0,0.0,1,1,Baja,Servicios,48802.811539922724,18925.813090757103,1
5.0,8.0,1.0,0.0,0,1,Baja,Manufactura,13762.433513487686,3097.7148650391055,0
3.0,10.0,0.0,0.0,0,0,Baja,Servicios,15854.561456261392,6034.815939284663,0
8.0,12.0,0.0,0.0,0,0,Media,Servicios,29937.546741888877,2861.581163083081,0
10.0,9.0,0.0,1.0,1,0,Baja,Comercio,28771.544104866312,2961.5149311018613,1
27.0,19.0,1.0,0.0,0,1,Alta,Manufactura,65879.54356543948,2421.8930560304266,0
12.0,5.0,1.0,0.0,0,0,Media,Servicios,15631.061299971507,1411.6363012910795,1
9.0,10.0,1.0,0.0,0,1,Baja,Servicios,22383.18894820206,2560.525778163989,1
16.0,5.0,1.0,1.0,0,1,Baja,Servicios,52733.46723398391,3624.0294081516886,0
3.0,1.0,0.0,1.0,0,1,Media,,17153.54667130168,5289.511342736128,1
11.0,5.0,,1.0,0,1,,Servicios,46121.12821703966,4254.716423327721,1
16.0,9.0,0.0,0.0,0,1,Alta,Comercio,38547.14608215703,1772.4029095394555,0
4.0,6.0,,0.0,0,1,,Servicios,11043.359282089687,2548.6354460367625,0
20.0,5.0,0.0,0.0,0,1,Baja,Servicios,48642.429065314594,3443.4445379332738,0
12.0,1.0,1.0,0.0,0,0,Media,Tecnologia,20929.51099628418,1888.826255908519,0
8.0,9.0,0.0,0.0,1,0,Baja,Servicios,31451.610736083305,3910.942511889246,1
15.0,0.0,0.0,0.0,0,0,Media,Comercio,18911.866789529053,2025.4060833858061,0
39.0,14.0,0.0,0.0,1,1,Media,Servicios,67297.001960033,1227.9489995535139,1
11.0,9.0,0.0,1.0,0,0,Baja,Comercio,31474.29353199398,2168.2317478927803,0
12.0,0.0,1.0,1.0,0,0,Baja,Comercio,16799.01265577327,2148.1162971073995,1
8.0,7.0,0.0,0.0,0,1,Media,Servicios,12100.848667481147,1530.086516111736,1
6.0,4.0,0.0,0.0,0,1,Media,Servicios,15338.788356521916,2406.0335905963957,1
16.0,11.0,1.0,0.0,0,1,Baja,Servicios,21498.09619997088,995.5843566079443,1
6.0,17.0,0.0,0.0,0,1,Media,Comercio,23793.660725292462,4435.249124172495,0
10.0,0.0,0.0,1.0,0,0,Media,Manufactura,29257.37589553737,3352.3499705068066,0
7.0,10.0,,0.0,0,0,Alta,Comercio,14302.684722105976,1554.1263006384297,0
13.0,8.0,1.0,1.0,0,1,Baja,Comercio,28087.632301692396,2086.130874349372,1
12.0,13.0,1.0,0.0,1,0,Alta,Servicios,45604.91501942883,3494.638330753455,1
19.0,,1.0,1.0,0,0,Media,Servicios,82510.1400408542,4629.627923677457,0
7.0,4.0,0.0,0.0,1,0,Baja,Servicios,20685.117049185603,2233.7722514905854,0
8.0,7.0,1.0,1.0,0,1,Media,Servicios,34653.73877643164,5923.638922788185,1
6.0,4.0,0.0,,0,0,Media,Servicios,13532.630352270384,2835.732576897087,0
8.0,15.0,0.0,1.0,1,1,Alta,Comercio,34686.39220979099,3959.4773068678355,0
13.0,9.0,0.0,0.0,0,0,Baja,Comercio,21410.483547857388,1560.2197116036532,0
16.0,20.0,0.0,0.0,0,1,Media,Tecnologia,36540.25670732198,2207.1902278054827,1
6.0,9.0,,1.0,0,1,Media,Servicios,29414.7562934972,4035.619637844771,1
17.0,5.0,1.0,1.0,1,0,Alta,Comercio,83339.08480933201,4387.883296094823,1
22.0,,1.0,1.0,1,1,Media,Manufactura,35401.05449669439,1504.0050187566167,1
13.0,0.0,0.0,1.0,0,1,Alta,Comercio,21701.727870935585,2498.4227130419795,0
31.0,0.0,0.0,1.0,0,1,Alta,Servicios,24661.376066152345,1007.9370026488353,0
6.0,11.0,0.0,0.0,0,0,Baja,Servicios,29011.839854165733,6108.053981213279,0
5.0,12.0,0.0,0.0,0,1,Alta,Servicios,11336.233948467328,2486.9265495965506,0
3.0,0.0,0.0,0.0,0,0,Alta,Servicios,4616.26687068951,1163.7438918399118,0
24.0,14.0,0.0,1.0,0,1,Baja,Manufactura,74291.15307359674,3063.5221020574186,1
15.0,6.0,1.0,0.0,0,1,Media,Servicios,54362.65387251706,4619.328379904235,1
10.0,10.0,0.0,0.0,0,1,Media,Servicios,26664.854169531605,1946.8158192553012,0
12.0,19.0,0.0,0.0,0,1,Media,Comercio,27844.79694466289,2720.6689201555128,0
5.0,14.0,,1.0,0,1,Baja,Manufactura,31277.899192759513,11179.99640249493,1
43.0,7.0,0.0,0.0,1,1,Baja,Comercio,97003.13054688736,2941.72839323101,0
11.0,4.0,0.0,0.0,0,0,Media,Comercio,11881.393842907513,1538.158074388687,0
11.0,0.0,1.0,0.0,0,0,Media,Servicios,18537.521957811598,1779.773851980238,0
15.0,5.0,0.0,0.0,0,1,Baja,Servicios,23540.608856774405,1999.0253811486507,1
13.0,8.0,1.0,0.0,0,1,Alta,Servicios,16759.63630692184,1077.4107766825541,1
,3.0,0.0,1.0,0,0,Media,Comercio,18690.437652741603,2073.17804608696,0
6.0,8.0,0.0,0.0,0,1,Baja,Tecnologia,31318.146395358937,6147.437023925218,1
13.0,9.0,0.0,1.0,0,1,Media,Servicios,38245.92444903819,3163.140743878273,1
31.0,8.0,1.0,0.0,0,0,Media,Comercio,,2039.9448905196186,0
22.0,5.0,0.0,1.0,0,0,Alta,Servicios,30509.344198533407,1212.0272138145313,1
26.0,10.0,1.0,0.0,0,0,Baja,Comercio,47852.2587348648,1756.384446145591,1
7.0,12.0,0.0,0.0,1,1,Baja,Servicios,20120.33407300805,2943.755980592184,1
6.0,2.0,1.0,1.0,0,1,Alta,Servicios,18359.86152447092,2365.5359909642984,0
9.0,17.0,0.0,0.0,0,0,Alta,Manufactura,19922.863764540067,2342.8693912118906,0
10.0,8.0,1.0,0.0,0,1,,Comercio,26107.37056701304,1698.762382148775,0
19.0,9.0,0.0,1.0,0,1,Media,Comercio,40607.92402913174,2776.6991750295556,0
4.0,13.0,1.0,0.0,0,1,Baja,Servicios,19550.83945043839,4945.030854907447,0
25.0,10.0,0.0,1.0,0,1,Media,Servicios,39334.40678361686,1381.2661460863999,0
9.0,15.0,0.0,0.0,0,0,Baja,Servicios,65620.3900265652,5918.413900704682,0
8.0,11.0,0.0,1.0,0,0,Baja,Manufactura,37565.789559159326,4428.263341646196,1
5.0,5.0,1.0,0.0,0,0,Alta,Tecnologia,16984.718799757615,4034.7367620147156,0
4.0,11.0,0.0,0.0,0,1,Baja,Comercio,14208.105313419044,4073.2979646257822,1
16.0,2.0,1.0,0.0,0,1,Media,Servicios,24254.095041518318,1270.756333960072,0
10.0,10.0,0.0,0.0,0,1,Alta,Manufactura,19400.656646467847,1570.2139784843969,0
5.0,9.0,0.0,0.0,0,1,Baja,Comercio,18214.218481937947,4293.015022315216,1
5.0,8.0,0.0,0.0,0,0,Alta,Comercio,5438.80837778072,908.041882887422,0
8.0,8.0,1.0,0.0,0,1,Alta,Servicios,11420.750043907648,1449.1363843754393,1
27.0,0.0,1.0,,1,1,Media,Manufactura,38941.02668772197,1487.5792883541728,0
9.0,6.0,1.0,0.0,0,1,Baja,Comercio,27090.01812159292,3254.231926818215,0
4.0,10.0,0.0,1.0,1,0,Media,Manufactura,19176.584382573586,5941.509453118826,0
9.0,10.0,1.0,0.0,0,1,Media,Manufactura,44523.13542659941,3607.603277278599,1
8.0,3.0,1.0,0.0,0,1,Media,Servicios,12132.39761192334,940.492118972533,1
2.0,17.0,0.0,0.0,0,1,Media,Comercio,8580.657698716861,3722.8948999519994,0
10.0,4.0,1.0,0.0,1,0,Alta,Manufactura,40250.37136991931,6314.927274134276,0
9.0,15.0,1.0,1.0,0,1,Baja,Servicios,43144.64404834182,7947.657518497135,0
15.0,12.0,1.0,0.0,0,0,Media,Servicios,38201.06604766784,4025.3324551784904,1
30.0,5.0,1.0,1.0,0,0,Baja,Servicios,112042.03502756577,3558.828401608568,1
20.0,20.0,0.0,0.0,0,1,Media,Comercio,26947.76912134988,862.9827913894334,1
8.0,2.0,0.0,1.0,0,0,Alta,Servicios,15830.812834896786,1101.592547481405,0
5.0,15.0,1.0,0.0,1,1,Media,Comercio,21809.878596149574,3741.234214806381,1
47.0,15.0,0.0,1.0,1,0,Baja,Servicios,42832.52420992381,867.3017844649812,0
10.0,5.0,1.0,0.0,0,1,Media,Manufactura,22930.049136120575,3174.085302104564,1
10.0,17.0,1.0,0.0,1,1,Media,Servicios,49672.8688989146,6170.77944742038,1
10.0,7.0,1.0,0.0,0,1,Media,Servicios,29556.19778246364,3128.518711579508,1
11.0,11.0,1.0,0.0,0,1,Media,Comercio,32577.520251813796,2370.891446416384,0
9.0,11.0,0.0,1.0,0,0,Baja,Comercio,22314.537657170094,1949.9796020686347,0
7.0,8.0,0.0,0.0,0,1,Alta,Servicios,12064.93771173653,1836.6170306045653,0
7.0,14.0,0.0,0.0,1,0,Alta,Servicios,27999.231240624125,4761.342421283799,1
10.0,14.0,0.0,1.0,0,1,Media,Servicios,25255.049598640417,2785.4552984329666,1
7.0,0.0,0.0,0.0,0,0,Alta,Comercio,11809.051131902814,1302.5275467557328,0
7.0,17.0,0.0,1.0,0,1,Media,Manufactura,30542.058691027218,5133.878751100074,1
11.0,0.0,1.0,1.0,0,1,,Comercio,47491.19541101537,4802.452875256498,0
9.0,15.0,1.0,0.0,0,1,Baja,Comercio,41623.330831395215,3538.7362379064916,1
25.0,16.0,0.0,1.0,1,0,Media,Manufactura,36556.43751528962,1201.8971085641817,0
2.0,2.0,0.0,0.0,0,1,Media,Servicios,5911.135065362156,3510.6973202867307,0
19.0,7.0,,0.0,0,1,Baja,Tecnologia,55618.501561260724,2760.6055141287134,1
21.0,2.0,0.0,0.0,0,1,Media,Manufactura,28383.270190183794,2010.863599858277,1
3.0,8.0,0.0,0.0,0,0,Alta,Servicios,7533.776891277947,2846.4326986876836,0
8.0,7.0,0.0,1.0,0,1,Media,Servicios,33858.42965180051,3747.4989065886393,0
8.0,,1.0,1.0,0,0,Media,Servicios,29914.072513022908,3729.7308784618735,0
4.0,17.0,0.0,0.0,0,1,Alta,Servicios,14038.38913818763,3565.6527807453563,1
6.0,17.0,1.0,0.0,0,0,Baja,Manufactura,32182.902306643093,4470.848804389869,0
5.0,6.0,0.0,1.0,0,0,Media,Comercio,13255.655358273567,2110.3194178215017,1
29.0,8.0,0.0,,0,1,Alta,Manufactura,58902.58194927494,2420.409085102971,0
17.0,0.0,0.0,0.0,0,1,Media,Manufactura,19032.204532836706,1382.9757247610282,0
21.0,4.0,0.0,0.0,0,1,Media,Comercio,33256.26743366662,1841.6578534172945,0
15.0,15.0,1.0,1.0,0,1,Baja,Comercio,83848.36691234009,8164.449761530179,1
5.0,19.0,1.0,0.0,1,1,Alta,Servicios,14844.939130166855,2592.9021935074534,1
7.0,2.0,1.0,1.0,0,0,Media,Servicios,18760.812584773656,4073.1953913418165,1
13.0,5.0,0.0,1.0,0,1,Alta,Comercio,,2255.3816454041157,1
5.0,9.0,1.0,0.0,0,0,Media,Servicios,23213.825335102218,3604.3401535589437,0
15.0,11.0,1.0,0.0,0,1,Media,Servicios,30421.36197290852,1306.1777660370508,0
9.0,4.0,1.0,1.0,0,0,Alta,Manufactura,18421.742771939964,1830.9926172258504,0
8.0,12.0,0.0,0.0,1,1,Media,Comercio,32501.809878960845,3582.0084064008865,0
15.0,6.0,0.0,1.0,0,1,Media,Servicios,48395.68728900153,3679.750029527042,0
13.0,9.0,0.0,1.0,0,1,Media,Comercio,19847.81807282363,1622.7422389555054,1
8.0,12.0,1.0,1.0,0,1,Alta,Manufactura,19992.32523014033,1854.5898694531027,0
20.0,9.0,0.0,1.0,0,1,Media,Servicios,42417.961824107784,1922.5608382865053,0
5.0,6.0,0.0,1.0,0,0,Media,Servicios,19806.073850656914,3609.918634197737,1
14.0,8.0,1.0,1.0,1,0,Baja,Tecnologia,49948.783567427054,2288.611405349712,1
14.0,8.0,1.0,0.0,0,1,Alta,Servicios,33229.07243907989,1857.3136271309318,1
8.0,7.0,1.0,0.0,0,1,Baja,Servicios,19849.33342886818,2046.2840235335718,0
12.0,7.0,0.0,0.0,0,1,Media,Comercio,9962.46078597924,1188.0623623379013,0
5.0,19.0,1.0,1.0,0,1,Media,Manufactura,26879.046801618846,5639.36697272475,0
17.0,12.0,0.0,0.0,0,1,Media,Servicios,29373.133767892574,2038.8976284144878,0
9.0,7.0,0.0,,0,0,Media,Servicios,19455.358554368708,1486.2246084597048,0
7.0,13.0,0.0,0.0,0,0,Baja,,12359.517655856105,2379.9271985217765,0
19.0,7.0,0.0,1.0,0,0,Media,Tecnologia,19113.986220167735,1392.7174888392874,1
7.0,16.0,0.0,0.0,0,1,Media,Servicios,16510.66420209104,1431.1954822227722,0
4.0,11.0,1.0,1.0,1,0,Alta,Comercio,27649.70594286485,5794.977249126518,1
4.0,8.0,0.0,0.0,0,0,Baja,Manufactura,22001.368955038033,6226.1098074733045,0
14.0,12.0,1.0,0.0,0,1,Alta,Servicios,42664.70578675784,3580.175422254352,1
5.0,0.0,0.0,0.0,0,1,Media,Tecnologia,10936.918579130805,1846.113275243927,1
29.0,2.0,0.0,1.0,0,0,Alta,Tecnologia,24412.762959649903,779.9194545028164,0
3.0,2.0,0.0,0.0,0,1,Media,Manufactura,13524.850010532264,3882.856837197421,0
28.0,10.0,0.0,0.0,0,1,Media,Servicios,44994.59770527337,1651.926913886004,0
11.0,19.0,1.0,1.0,0,1,Alta,Comercio,40894.79282786568,5014.84292701622,1
9.0,22.0,0.0,1.0,1,0,Alta,Manufactura,16605.67287069371,1521.5952020236803,0
7.0,13.0,0.0,1.0,0,1,Media,Tecnologia,21042.158317372898,3860.6012655346667,1
13.0,12.0,0.0,0.0,0,0,Baja,Servicios,24516.225795426737,1551.1053412365288,0
10.0,0.0,0.0,0.0,0,0,Media,Manufactura,19329.133957257363,1563.8044354920996,0
19.0,6.0,1.0,1.0,0,0,Media,Servicios,49227.62985966981,3179.31169039695,1
11.0,4.0,0.0,0.0,0,1,Media,Servicios,20935.20331603118,2396.527783470858,0
11.0,5.0,1.0,1.0,1,0,Baja,Comercio,43151.522926737256,4853.37782880755,0
8.0,8.0,1.0,0.0,0,1,Alta,Manufactura,22074.457016626005,1985.8166800502324,1
10.0,6.0,1.0,0.0,0,1,Baja,Comercio,33752.48020025506,3004.1091391634795,0
12.0,0.0,1.0,0.0,0,1,Media,,25090.012175306718,2568.4698792003283,1
4.0,13.0,0.0,0.0,0,1,Baja,Tecnologia,19775.49913163875,4995.486740478519,0
4.0,3.0,1.0,0.0,0,0,Media,Servicios,11444.468274836725,2187.564709918821,0
16.0,,1.0,0.0,0,1,Baja,Comercio,37298.90833314809,2614.19136841187,1
11.0,21.0,0.0,1.0,0,1,Baja,Servicios,49232.32209724492,3743.246464176687,0
9.0,3.0,0.0,0.0,0,1,Media,Servicios,19419.600834075878,3379.3708159531607,0
10.0,0.0,0.0,1.0,0,0,Alta,Comercio,19189.751634230055,2823.5688658850154,0
12.0,7.0,1.0,1.0,1,0,Baja,Tecnologia,80553.33560200296,7807.128494576152,1
7.0,16.0,,0.0,0,0,Media,,21471.896529124962,4310.640362391334,0
6.0,21.0,0.0,0.0,0,1,Media,Manufactura,17345.720533393756,2938.161921707385,0
11.0,2.0,0.0,,0,1,Alta,Servicios,30698.253186114664,3379.304281034054,1
6.0,12.0,0.0,0.0,0,0,Media,Servicios,9027.955093565608,2177.106038068002,0
13.0,6.0,0.0,1.0,0,1,Media,Comercio,19360.435357069025,1583.530553987424,0
4.0,8.0,1.0,1.0,0,1,,Servicios,24022.289187617193,5634.401673761406,1
18.0,25.0,0.0,1.0,0,0,Alta,Servicios,44809.716106546366,1625.633759904655,1
13.0,0.0,0.0,0.0,0,1,Baja,Comercio,14410.517531019308,1085.7007002032008,0
12.0,11.0,1.0,0.0,0,0,Media,Servicios,21476.960357665183,2198.8398835693893,0
18.0,12.0,1.0,1.0,1,1,Alta,Servicios,42758.02163146196,3008.956729778877,1
27.0,16.0,0.0,0.0,0,1,Media,Comercio,31583.046978378126,1326.9391367903088,0
18.0,10.0,1.0,1.0,0,1,Media,Comercio,61065.39757303019,2963.138022796953,0
3.0,11.0,0.0,0.0,0,1,Media,Manufactura,17115.48367490627,3480.464810038821,1
5.0,7.0,0.0,0.0,1,0,Media,Comercio,14396.997330800441,2544.102611081848,1
7.0,11.0,0.0,1.0,0,0,Media,Comercio,16004.195305310492,2118.8098247808134,1
10.0,7.0,0.0,0.0,0,1,Media,Tecnologia,14363.77965959741,1328.2900013019532,0
14.0,13.0,0.0,0.0,0,1,Media,Manufactura,47121.862259459514,3928.7402201643586,0
6.0,7.0,1.0,0.0,0,0,Media,Servicios,20000.05789096409,5476.108941708935,0
11.0,11.0,1.0,1.0,1,0,Alta,Servicios,26832.375298986244,2515.8135230020744,1
6.0,9.0,1.0,0.0,0,1,,Comercio,28116.45879650775,4438.927133516068,1
7.0,16.0,0.0,1.0,0,1,Media,Comercio,24272.870873975073,3249.9632852585673,0
4.0,9.0,1.0,0.0,1,1,Media,Manufactura,20064.40292336056,5174.5329132143515,1
6.0,0.0,0.0,1.0,0,0,Media,Manufactura,19586.084466786167,2653.7836883736686,1
4.0,17.0,0.0,1.0,0,0,Baja,Comercio,14938.043073072377,3848.4345836050056,1
6.0,4.0,0.0,0.0,0,1,Media,Tecnologia,15092.237234034028,2815.4557134120437,1
19.0,5.0,0.0,,0,0,Alta,Comercio,20133.978167410303,1116.7150456237644,0
6.0,,1.0,0.0,0,1,Media,Servicios,15451.211051597515,2887.275719011527,0
48.0,17.0,0.0,1.0,0,1,Alta,Manufactura,87612.677568455,2034.319978197196,1
13.0,0.0,0.0,,0,1,Alta,Servicios,34394.598393105654,1698.8915357016508,0
11.0,28.0,1.0,1.0,0,0,Baja,Manufactura,40810.484930605584,4350.371739428654,1
6.0,15.0,0.0,0.0,0,1,Baja,Tecnologia,13459.71902644605,1896.8379608090106,0
15.0,10.0,0.0,0.0,0,1,Alta,,10876.010145820841,551.3141251299597,1
7.0,9.0,0.0,0.0,0,1,Alta,Comercio,13947.129540923,1511.7238367142595,0
11.0,11.0,1.0,0.0,0,1,Baja,Comercio,24163.319782839993,2448.133510282157,1
46.0,12.0,,0.0,0,1,Baja,,74334.6412056356,1528.5077750220971,0
9.0,13.0,0.0,1.0,0,0,Baja,Servicios,29051.662406966505,2119.878835619916,0
20.0,12.0,0.0,1.0,0,1,Alta,Comercio,19917.647851705082,1122.3035853668289,0
7.0,10.0,0.0,0.0,0,0,Baja,Manufactura,10081.763811378001,1004.9281504524693,1
10.0,8.0,1.0,1.0,0,1,Media,Comercio,34766.82943900035,3600.3605809224823,1
29.0,8.0,0.0,1.0,0,1,Alta,Servicios,43567.1476942026,1594.6149150485392,0
7.0,8.0,0.0,1.0,0,1,Baja,Comercio,21561.326486875696,3843.50761426884,0
30.0,16.0,0.0,0.0,0,1,Media,Manufactura,25252.80979874165,1314.1121199679824,0
15.0,13.0,0.0,0.0,0,1,Baja,Comercio,35735.88836690232,1693.7350476312963,1
7.0,0.0,0.0,0.0,1,1,Alta,Comercio,24315.218008888165,3428.3318328627897,0
15.0,13.0,1.0,1.0,0,0,Media,Manufactura,45081.067649260534,2804.7890957392833,1
18.0,10.0,0.0,0.0,0,0,Media,Comercio,17202.767944220865,1065.1716516749693,1
14.0,9.0,0.0,0.0,0,1,Media,Comercio,,1793.4218673398557,0
4.0,7.0,1.0,0.0,1,1,Baja,Manufactura,15414.299915798209,3528.47131788231,1
6.0,16.0,1.0,0.0,0,1,Baja,Servicios,37742.302697147476,5633.869670224417,0
9.0,15.0,0.0,0.0,0,1,Media,Tecnologia,25979.611030546024,2183.599688164979,0
10.0,4.0,0.0,0.0,0,1,Media,Servicios,10218.831074308486,1308.1481413712713,0
14.0,11.0,0.0,0.0,1,0,Alta,Servicios,21637.68143047251,1733.565068335173,1
11.0,3.0,1.0,0.0,0,1,,Manufactura,26980.08245650008,3085.290084699988,1
4.0,1.0,0.0,1.0,0,1,Media,Servicios,13720.195967142901,3173.9456875232586,1
13.0,5.0,1.0,1.0,1,1,Media,Comercio,38365.65850913181,2504.288156689764,1
14.0,14.0,1.0,1.0,1,1,Media,Manufactura,38287.80963221242,2088.603086580593,0
14.0,15.0,0.0,1.0,1,0,Alta,Manufactura,45148.70860383971,3527.656408153145,0
19.0,12.0,0.0,0.0,0,1,Media,Tecnologia,27908.55440877935,1132.6340821114763,1
16.0,13.0,0.0,0.0,0,1,Baja,Servicios,15483.209493565419,1536.2328576975779,1
13.0,12.0,0.0,1.0,0,0,Baja,Comercio,27379.270406956643,1518.8085363804737,0
10.0,5.0,0.0,1.0,0,1,Media,Servicios,36034.957951870776,3858.6580142129046,1
4.0,12.0,1.0,0.0,0,0,Media,Comercio,12280.470871230855,4542.282242048643,1
13.0,14.0,1.0,0.0,0,0,Media,Manufactura,53732.6592902428,4801.095300340236,1
11.0,14.0,0.0,,0,1,Baja,Servicios,32171.538378589827,3055.995246131495,0
12.0,16.0,1.0,0.0,0,0,Media,Comercio,28775.727148024507,1882.3192551679626,0
5.0,13.0,0.0,0.0,0,1,Baja,Comercio,16890.866567098437,2391.43314011395,0
5.0,11.0,0.0,0.0,0,1,Baja,Comercio,16640.046941218847,4034.518126503211,1
19.0,15.0,0.0,1.0,0,1,Media,Tecnologia,44598.45419768901,3420.5352005093823,1
10.0,9.0,1.0,0.0,0,1,Baja,Servicios,26503.924962789526,2374.99478860946,1
15.0,4.0,1.0,0.0,0,0,Media,Comercio,27798.220975816505,1393.9709139757338,0
10.0,8.0,1.0,0.0,0,0,,Manufactura,16569.210610611808,896.2093354315882,1
10.0,5.0,0.0,1.0,0,0,Media,Comercio,14218.220572599657,1112.65380489544,1
18.0,5.0,0.0,0.0,0,0,Media,Servicios,15007.76737013618,810.4074956509841,0
7.0,8.0,0.0,0.0,0,1,Baja,Comercio,38702.98235986044,8246.487249903057,0
11.0,4.0,0.0,0.0,1,1,Baja,Servicios,34693.88317324307,3732.0270991234765,0
8.0,7.0,,0.0,0,1,Alta,Servicios,21612.903252627428,2915.7302955699793,0
8.0,0.0,1.0,1.0,0,1,Media,Manufactura,19117.193319789483,2162.179297182076,0
8.0,10.0,1.0,1.0,1,1,Media,Comercio,45100.261458101246,4872.73349772202,1
11.0,9.0,0.0,0.0,0,0,Baja,Tecnologia,23810.898764552163,3076.092226253948,0
7.0,4.0,0.0,0.0,1,1,Media,Manufactura,23170.8888157821,3480.483373153781,0
21.0,13.0,0.0,1.0,1,1,Media,Comercio,36397.531623885065,1024.6266979258914,0
6.0,15.0,0.0,0.0,0,1,Media,Servicios,19079.02192844721,2687.0529136201676,0
9.0,0.0,0.0,0.0,1,0,Media,Comercio,14589.83106712678,1308.0614061268277,0
8.0,4.0,1.0,0.0,0,0,Baja,Servicios,15717.17924551758,1713.85769153238,0
24.0,4.0,1.0,1.0,0,0,Baja,Manufactura,66790.68616994617,3203.4792249031034,1
11.0,3.0,0.0,0.0,0,1,Alta,Servicios,10122.347925678429,895.824417491783,0
19.0,14.0,0.0,0.0,0,0,Alta,Servicios,29066.001679390924,1500.6732384736447,0
4.0,8.0,0.0,1.0,1,1,Baja,Comercio,30600.174746139062,10623.618138630296,1
12.0,7.0,0.0,0.0,0,0,Media,Servicios,13750.725428795744,962.7800047939081,0
17.0,0.0,1.0,0.0,0,1,Baja,Servicios,24651.413125804804,2310.9778898161003,0
10.0,13.0,0.0,1.0,0,1,Baja,Comercio,30175.43348600285,2551.333444167104,0
19.0,2.0,0.0,0.0,0,1,,Servicios,28067.43886297605,1510.5453055235027,1
7.0,9.0,0.0,0.0,0,0,Baja,Servicios,16353.440801980527,2177.608538355256,0
23.0,11.0,1.0,0.0,0,1,Media,Servicios,46989.359796702935,2107.03502158176,0
40.0,17.0,0.0,0.0,1,0,Media,Comercio,92550.29588965462,2585.7633928541286,1
8.0,1.0,0.0,0.0,0,1,Baja,Comercio,14894.877611045475,2075.1524849235043,0
8.0,0.0,0.0,0.0,1,1,Baja,Comercio,11946.104581672662,1236.9941626865477,0
24.0,10.0,1.0,0.0,0,1,Alta,Comercio,45681.786735435744,1437.5167977986812,0
26.0,20.0,1.0,1.0,0,1,Baja,Servicios,140346.6030219188,10092.691101831959,1
7.0,16.0,0.0,0.0,0,1,Media,Tecnologia,26086.201490648444,3301.907269770935,0
8.0,10.0,1.0,0.0,0,1,Media,Servicios,15799.940942018438,2352.23930496085,1
8.0,6.0,1.0,0.0,0,0,Media,Comercio,16699.11812964762,1396.548788566682,1
4.0,14.0,1.0,1.0,1,1,Media,Manufactura,21713.894460942156,5061.965326246673,1
6.0,3.0,1.0,0.0,0,0,Baja,Manufactura,23843.09662822236,3849.4697466123093,1
5.0,12.0,1.0,0.0,1,0,Baja,Servicios,14742.887869313563,3318.5456947084976,1
6.0,12.0,0.0,0.0,0,0,Baja,Servicios,15232.788269684996,1285.4093438344967,1
10.0,15.0,1.0,0.0,0,1,Media,Comercio,18907.693105288756,1970.9564688940084,0
11.0,26.0,0.0,0.0,0,1,Media,Servicios,30917.79840368318,2108.551843072574,1
25.0,11.0,1.0,1.0,1,1,Baja,Manufactura,77013.3073717666,3340.7282858067947,0
5.0,6.0,0.0,0.0,0,0,Baja,Comercio,14119.8154975064,2179.4203644667086,1
18.0,9.0,1.0,0.0,1,0,Media,Comercio,34865.88534253207,1564.0309359083908,1
9.0,0.0,1.0,0.0,1,1,Media,Servicios,18053.43303359763,1873.3052471988353,1
10.0,5.0,0.0,1.0,0,1,Alta,Comercio,26856.12981186181,2064.3731745449327,1
15.0,7.0,1.0,0.0,0,0,Media,Comercio,23953.166788478873,1417.8855708952099,0
5.0,6.0,0.0,0.0,0,1,Media,Manufactura,10801.9565130668,1603.1098864392563,1
13.0,10.0,1.0,0.0,0,0,Media,Servicios,55039.46905112072,2677.299337602615,0
11.0,4.0,0.0,0.0,0,1,Alta,Servicios,20857.089965565403,2445.5937281855017,1
13.0,16.0,0.0,0.0,0,0,,Servicios,19261.052631032057,1071.5685696406686,1
12.0,9.0,1.0,0.0,0,1,Media,Servicios,45617.364841879134,3635.3724949602606,1
44.0,9.0,0.0,0.0,0,1,Baja,Comercio,94873.51217822169,2602.7737157396014,1
7.0,7.0,1.0,0.0,0,0,Baja,Manufactura,20927.524853091825,2563.6168577754197,1
7.0,10.0,0.0,0.0,0,0,Media,Servicios,17073.485237003817,1984.4167955514329,0
7.0,14.0,0.0,0.0,0,1,Media,Manufactura,14616.288867121142,2209.543550035729,0
7.0,4.0,0.0,0.0,0,1,Media,Servicios,15126.075459856338,2857.6322942041297,1
7.0,5.0,0.0,1.0,0,0,Baja,Servicios,19811.561375096902,2112.826680180289,0
20.0,7.0,0.0,1.0,0,0,Media,Servicios,34378.1615297908,1655.5814757318738,0
,1.0,0.0,1.0,0,0,Alta,Servicios,31020.25862982547,874.6098572912802,1
7.0,4.0,0.0,1.0,0,0,Media,Manufactura,23662.168952018492,3063.8341629675924,0
6.0,6.0,0.0,0.0,0,1,Media,Servicios,16670.992493673544,2802.360042849034,0
13.0,14.0,1.0,1.0,0,1,Media,Comercio,26100.809599514392,1621.5148664998537,1
7.0,11.0,1.0,0.0,0,0,Alta,Comercio,11421.232029838813,1455.4512273283667,1
15.0,10.0,0.0,,1,0,Alta,Tecnologia,30751.1026282051,1441.6942121954737,1
11.0,14.0,1.0,0.0,0,1,Media,,26368.21140631576,2443.7495271920884,0
4.0,,0.0,0.0,0,1,Media,Servicios,19090.800589997405,6214.192417325963,1
25.0,11.0,1.0,1.0,0,0,Alta,Servicios,28083.13368869388,853.8560827374098,0
29.0,8.0,1.0,0.0,0,1,Media,Comercio,36299.646904411675,1071.2693378630677,1
7.0,11.0,1.0,0.0,0,1,Media,Servicios,30799.267071505292,4988.909285817895,0
8.0,6.0,0.0,1.0,0,1,Media,Manufactura,22731.715830046585,3847.187110549313,1
12.0,0.0,1.0,0.0,0,0,Baja,Comercio,26156.882397160593,1500.6648484750895,1
12.0,8.0,0.0,0.0,0,0,Media,Comercio,17255.434763267705,1378.539104427247,0
15.0,18.0,1.0,1.0,0,1,Alta,Comercio,44747.81686151994,3201.9985533896997,0
33.0,15.0,0.0,0.0,0,0,Media,Servicios,33844.53772319798,999.7559898750359,0
9.0,15.0,1.0,0.0,1,0,Media,Comercio,,2045.6525696685944,0
6.0,16.0,1.0,0.0,0,1,Baja,Tecnologia,17456.735459733063,3297.7439841123587,1
4.0,10.0,1.0,0.0,0,0,Media,Manufactura,13602.809739833325,4971.96978487458,0
6.0,10.0,0.0,1.0,0,1,Media,Manufactura,26214.055590619173,4498.309719861207,0
10.0,5.0,1.0,0.0,0,1,Baja,Manufactura,35797.58588879819,2766.3225850242097,0
29.0,7.0,0.0,0.0,0,1,Media,Servicios,58641.15177816885,1778.6578398295746,0
7.0,13.0,1.0,0.0,0,1,Baja,Servicios,23175.11179848365,5153.35033372487,0
11.0,16.0,0.0,0.0,0,1,Media,Servicios,41461.3635607654,4732.044534732906,1
10.0,8.0,,1.0,0,0,Media,Servicios,18254.813190576235,2142.2364283773013,0
20.0,6.0,0.0,0.0,0,0,Alta,Servicios,33776.26395035234,1846.1994564087593,0
45.0,9.0,0.0,0.0,0,0,Media,Comercio,49210.6952710249,926.9684167484007,0
7.0,13.0,0.0,0.0,0,1,Baja,Comercio,15032.688540885507,2042.4991300978418,0
7.0,0.0,0.0,1.0,0,1,Baja,Manufactura,27478.42914041579,3849.7586922778933,1
19.0,0.0,0.0,1.0,0,1,Media,Manufactura,34534.710822227804,2085.314178197977,1
15.0,6.0,1.0,0.0,0,1,Media,Tecnologia,42271.923813077316,4109.505267947148,0
30.0,2.0,,0.0,0,1,Media,Servicios,36554.07340784517,1611.5231377540438,0
14.0,6.0,0.0,0.0,0,0,Media,Servicios,17852.36785987856,894.2523562814006,1
8.0,8.0,0.0,1.0,1,0,Baja,Comercio,45782.47346844533,6052.422124406641,1
14.0,6.0,,0.0,0,1,Media,Servicios,22536.134945758447,1935.282915280185,0
19.0,18.0,0.0,1.0,0,1,Media,Servicios,,3681.872257061512,1
16.0,11.0,1.0,1.0,0,0,Baja,Servicios,40432.70715529273,2159.2088412404,1
14.0,11.0,1.0,1.0,1,1,Baja,Servicios,107018.79490492365,15838.987227439677,1
19.0,13.0,0.0,1.0,0,0,Baja,Comercio,30462.010540213938,1165.057254677424,0
20.0,2.0,0.0,0.0,0,0,Baja,Comercio,19841.621469870053,756.7309087164996,1
23.0,15.0,0.0,0.0,0,0,Media,Comercio,49094.90890325872,2262.9287818734624,1
15.0,9.0,1.0,0.0,0,1,Baja,Comercio,29471.90042499355,3335.3840964165024,0
9.0,13.0,1.0,1.0,0,0,Baja,Servicios,59325.6957083719,5348.249116017121,0
11.0,3.0,0.0,1.0,0,1,Baja,Servicios,41062.183204634886,3492.9100606855727,1
21.0,0.0,0.0,1.0,1,0,Alta,Servicios,30514.154962008677,1902.1629883663481,1
6.0,14.0,1.0,0.0,1,1,Alta,Servicios,12677.675192917248,2103.5314597476267,0
12.0,11.0,1.0,,0,1,Baja,Manufactura,36024.723301718965,2761.1516238099234,0
8.0,4.0,0.0,1.0,0,1,Media,Manufactura,25236.434335004873,3633.714637208855,0
10.0,4.0,0.0,0.0,1,1,Baja,Comercio,39315.28315826546,4208.71650178172,1
21.0,16.0,0.0,0.0,0,0,Media,Servicios,51227.40189021697,3156.1781225689183,0
11.0,2.0,0.0,0.0,0,0,Baja,Comercio,14227.800974646589,1786.3417529215164,1
10.0,19.0,0.0,,0,0,Media,Comercio,26668.97056477318,2879.6432370783514,0
4.0,4.0,0.0,0.0,0,1,Media,Comercio,15291.94665589501,4112.228713880578,0
16.0,13.0,1.0,0.0,0,0,Alta,Comercio,36241.559256559216,2389.6466968352433,0
15.0,7.0,0.0,0.0,0,1,Baja,Comercio,32385.473953483794,2439.864306228585,0
37.0,13.0,1.0,,0,0,Alta,Comercio,25972.620280697483,711.7117207502437,0
8.0,6.0,0.0,0.0,0,0,Alta,Comercio,11992.966910381052,1498.8928340059344,0
11.0,8.0,0.0,0.0,0,1,Baja,Servicios,16584.12192679344,2033.3958635193073,1
12.0,9.0,1.0,0.0,0,0,Media,Manufactura,23904.216048913357,2910.070309993013,0
26.0,3.0,0.0,1.0,1,1,Baja,Servicios,82430.57962028554,2174.8761182395137,1
9.0,13.0,1.0,0.0,0,1,Baja,Servicios,33430.521989750574,3723.8200081798723,1
12.0,6.0,0.0,0.0,0,1,Baja,Tecnologia,43068.792842119045,3021.3942973667263,1
14.0,8.0,0.0,0.0,1,1,Media,Tecnologia,39067.3157803142,2581.7978765906087,1
11.0,3.0,1.0,0.0,1,0,,Servicios,16095.332119991448,1618.1169217397498,1
8.0,0.0,0.0,0.0,0,1,Alta,Comercio,5520.242476643021,815.7395429407054,0
11.0,,1.0,1.0,0,1,Baja,Servicios,42310.126094867665,3740.0521728458098,1
19.0,23.0,0.0,1.0,0,0,Alta,Comercio,32753.93829879266,1068.4928940984146,0
5.0,14.0,0.0,0.0,1,0,Baja,Manufactura,15452.664071781881,2428.0345738352926,0
11.0,9.0,0.0,0.0,1,0,Media,Tecnologia,14668.815428727714,1668.547497140846,0
7.0,7.0,0.0,1.0,1,0,Media,Comercio,17370.570856596678,1250.7716610213993,0
20.0,9.0,1.0,0.0,0,0,Baja,Servicios,33470.352335183896,2251.9230868480654,0
4.0,12.0,1.0,1.0,0,1,Alta,Comercio,,6962.272625463081,1
7.0,2.0,0.0,0.0,0,1,Media,Servicios,16411.108408028227,3257.930959273832,0
13.0,16.0,0.0,1.0,0,1,Media,Manufactura,67663.69605985288,4952.825068225036,1
26.0,13.0,1.0,1.0,0,1,Media,Manufactura,44544.71774291597,1023.3132871932393,1
10.0,13.0,1.0,1.0,0,0,Media,Comercio,39783.718006621864,4430.28227354219,0
7.0,12.0,0.0,1.0,0,1,Media,Servicios,24741.750715614682,4861.00526411479,0
31.0,9.0,0.0,0.0,0,0,Media,Servicios,40590.48424761259,1649.9201748978826,0
4.0,13.0,0.0,1.0,0,1,Baja,Servicios,19080.280567615533,4041.791922146491,0
3.0,13.0,1.0,0.0,0,1,Media,Manufactura,24625.80188770095,8388.59236179197,0
13.0,7.0,0.0,,0,1,Alta,Comercio,21392.810715847514,1440.3649126837759,0
7.0,6.0,0.0,1.0,0,0,Baja,Servicios,17049.686632251945,1984.5755431705518,0
5.0,10.0,1.0,1.0,0,0,,Comercio,22954.2709899863,5829.39516288434,0
15.0,18.0,0.0,1.0,0,0,Media,Manufactura,33694.141099235516,1665.1091697547986,0
12.0,2.0,0.0,0.0,1,1,Media,Servicios,29671.27156601922,1977.4705596972067,1
7.0,0.0,0.0,1.0,0,0,Media,Manufactura,11977.33012295144,1298.3563900979123,1
5.0,10.0,0.0,1.0,0,1,Baja,Manufactura,24964.113493617,3439.8901581114023,0
17.0,9.0,0.0,0.0,0,1,Media,Tecnologia,35956.38680151444,2193.9354827353077,1
15.0,10.0,0.0,0.0,0,0,Baja,Servicios,26016.388744432366,2318.805626116249,0
9.0,10.0,,0.0,1,1,Media,Servicios,40048.689753097104,4248.866286798547,0
30.0,8.0,0.0,0.0,0,0,Media,Servicios,40279.62082838929,921.4666648600147,0
5.0,18.0,1.0,1.0,1,1,Baja,Servicios,40816.81587242627,10070.82241025106,1
4.0,0.0,1.0,1.0,0,0,Media,Servicios,17001.078053898887,6477.974176285184,0
,4.0,0.0,1.0,1,0,Alta,Comercio,20934.960485002164,2544.5397322241733,0
10.0,8.0,0.0,1.0,0,1,Media,Comercio,29554.676322476702,2622.212226714407,0
12.0,0.0,0.0,0.0,1,0,Alta,Manufactura,10422.704682882393,988.0668484703355,0
9.0,8.0,0.0,1.0,0,1,Media,Servicios,23037.70723820461,3839.6306545216353,0
12.0,19.0,0.0,0.0,0,0,Media,Comercio,13136.74405782506,961.3161032990212,1
5.0,9.0,1.0,1.0,0,1,Baja,Manufactura,47328.41053316926,6783.955934880476,0
24.0,10.0,0.0,0.0,1,1,Baja,Manufactura,50974.68274450688,2487.1311904549457,1
9.0,1.0,0.0,1.0,0,1,Baja,,26549.135601528502,3602.1814876402627,1
19.0,5.0,0.0,0.0,0,1,Media,Comercio,34945.03986370961,1842.0340465411628,0
12.0,7.0,1.0,0.0,1,0,Alta,Manufactura,31714.707958312018,2298.692727565048,0
13.0,7.0,0.0,1.0,0,1,Media,Servicios,20383.06017420945,2010.4317450954075,0
14.0,17.0,1.0,0.0,0,1,Media,Comercio,32228.638598492395,2626.907046714974,0
13.0,12.0,0.0,0.0,0,1,Media,Servicios,22251.68668211821,1412.4977272203312,1
15.0,2.0,1.0,0.0,0,1,Media,Servicios,14918.200942407308,1006.8286989236751,1
22.0,10.0,1.0,1.0,1,0,Media,Servicios,42741.479182409086,1385.6932026854606,1
11.0,12.0,0.0,0.0,0,0,Media,Servicios,18369.731183992582,1982.347219528373,1
15.0,16.0,0.0,0.0,0,1,Media,Servicios,27797.21100847199,1735.5547428026373,0
9.0,18.0,0.0,0.0,1,0,Baja,Servicios,17011.430898341572,1695.0855956147202,0
24.0,3.0,0.0,0.0,0,0,Alta,Servicios,33105.82930338865,1368.1191688323934,0
7.0,4.0,1.0,0.0,0,1,Baja,Manufactura,23622.54371714116,3408.827103147438,1
29.0,1.0,1.0,0.0,0,0,Baja,Servicios,38246.301307858615,1649.518691384904,0
10.0,8.0,1.0,,0,1,,Manufactura,27530.973899823905,3191.526197851856,0
4.0,12.0,1.0,0.0,0,0,Media,Servicios,11219.001283762253,2697.194619884212,1
11.0,15.0,0.0,0.0,1,0,Media,Manufactura,32742.30488069896,3602.7222261209195,0
7.0,9.0,0.0,1.0,0,1,Media,Manufactura,21965.245249548578,3468.5464204940336,1
17.0,7.0,1.0,0.0,0,0,,Comercio,18994.400945034875,1004.2901720580265,0
7.0,10.0,0.0,0.0,0,0,Baja,Comercio,20422.642087633787,2827.956887376438,0
8.0,4.0,1.0,1.0,0,1,Media,Servicios,46284.3591707564,5575.08088211035,0
3.0,22.0,0.0,0.0,1,0,Media,Tecnologia,23674.461666964875,8953.996307912996,0
8.0,0.0,0.0,1.0,1,1,Media,Manufactura,39007.751638924965,4448.483230472241,1
2.0,10.0,1.0,0.0,0,0,Media,Manufactura,9720.73047588411,4408.397700966725,1
4.0,21.0,0.0,0.0,0,0,Alta,Comercio,6863.851090306429,2807.1328767187183,0
16.0,9.0,1.0,0.0,0,1,Baja,Servicios,63058.331383018085,4984.8601117309,0
16.0,8.0,1.0,1.0,0,1,Media,Manufactura,93092.3742359944,4810.751857314762,1
13.0,7.0,1.0,1.0,0,0,Media,Servicios,54039.14131304047,4794.620278915402,1
6.0,8.0,1.0,0.0,0,1,,Comercio,14570.081652668934,2501.2691712175165,0
10.0,17.0,0.0,0.0,0,1,Baja,Servicios,18596.345864149316,2050.8776086530092,1
10.0,0.0,1.0,1.0,0,1,Media,Manufactura,21287.034465162,2203.0624496502865,1
5.0,18.0,0.0,0.0,0,1,Alta,Servicios,8605.538696442987,2317.2445349850022,0
25.0,0.0,0.0,0.0,0,1,Baja,Servicios,31709.467654956148,1382.8471995245006,0
17.0,7.0,1.0,,0,1,Alta,Comercio,62798.83191299425,3637.1519882228376,1
9.0,6.0,,1.0,0,1,Baja,Manufactura,29579.59013427393,4264.852804489309,1
10.0,13.0,0.0,0.0,0,0,Media,Comercio,20103.624781190516,2131.0957913281013,0
11.0,0.0,0.0,1.0,1,1,Alta,,43833.673172644274,4107.755153552815,0
3.0,12.0,0.0,1.0,0,1,Media,Servicios,,5202.642254735924,1
9.0,21.0,1.0,0.0,0,1,Media,Manufactura,65963.56420037392,7159.754544128543,0
7.0,1.0,0.0,0.0,0,0,Baja,Tecnologia,34507.290189871674,4940.997385696967,0
5.0,10.0,1.0,0.0,1,1,Alta,Manufactura,21153.88254589864,3653.596046960047,0
8.0,5.0,1.0,1.0,1,1,Media,Comercio,27074.20003380579,2804.84393578429,1
29.0,12.0,1.0,1.0,0,1,Baja,Manufactura,98784.09373113504,2653.814849223863,0
15.0,9.0,0.0,0.0,0,0,Media,Comercio,18311.600907454773,861.9903231432806,0
7.0,5.0,1.0,1.0,1,0,Media,Comercio,17657.193127098864,2024.4615289472592,0
14.0,12.0,,0.0,0,0,Baja,Comercio,38325.13166956717,2620.8056542471745,1
23.0,20.0,1.0,0.0,0,0,Baja,Comercio,68438.18391614864,3053.27899340093,0
17.0,8.0,0.0,0.0,0,0,Baja,Manufactura,30276.694228497417,1664.193737378691,1
10.0,13.0,1.0,0.0,0,1,Media,Comercio,16661.229895148557,924.5700056805251,0
7.0,1.0,1.0,1.0,0,0,Media,Servicios,13512.340527096552,2861.4824262488337,1
15.0,3.0,0.0,0.0,0,1,Media,Servicios,23776.525471124896,2079.7934768690175,0
13.0,12.0,0.0,1.0,0,0,Alta,Servicios,21005.228653443668,1806.2664779405377,0
17.0,18.0,1.0,0.0,1,0,Alta,Comercio,31080.066390423934,2945.345081712765,1
15.0,11.0,0.0,0.0,0,1,Media,Servicios,37820.66409819473,1974.7945982284061,0
19.0,7.0,1.0,1.0,0,1,Baja,Servicios,67525.83278365222,5697.215425088574,1
7.0,9.0,0.0,0.0,0,1,Media,Comercio,26850.582279738297,3013.414553214095,1
22.0,1.0,0.0,,0,0,Media,Comercio,15456.790349268931,745.791237497219,0
11.0,13.0,1.0,0.0,0,0,Media,Manufactura,23402.113279156365,1547.2384941373377,0
35.0,14.0,1.0,1.0,1,0,Media,Comercio,92835.00062388173,2662.1902679348036,1
7.0,6.0,1.0,0.0,0,1,Media,Manufactura,25553.262218811917,4020.460562041498,1
28.0,6.0,0.0,0.0,0,0,Alta,Tecnologia,49828.67200448437,1712.0876407861233,0
11.0,11.0,1.0,0.0,1,0,Baja,Manufactura,42697.10953128974,4639.957996375239,0
7.0,6.0,1.0,0.0,0,0,Media,Comercio,31211.161005381076,4570.484508698052,0
7.0,9.0,1.0,1.0,1,1,Baja,Servicios,49251.695801588365,6174.512724542758,1
8.0,22.0,1.0,0.0,0,1,Alta,Tecnologia,42456.36510972089,4605.871829146972,1
13.0,8.0,,0.0,1,0,Baja,Servicios,25648.780353925387,2416.3910045850707,0
14.0,7.0,0.0,0.0,0,0,Baja,Servicios,23633.681003813046,1433.5874639079934,0
7.0,5.0,0.0,0.0,0,0,Media,Comercio,18079.30854943602,3246.9260040860718,0
10.0,13.0,1.0,1.0,0,1,Media,Servicios,63410.50113454525,8608.261106628239,1
36.0,8.0,0.0,0.0,0,1,Baja,Tecnologia,68544.45447603283,1254.5602354656723,0
28.0,5.0,1.0,1.0,0,0,Media,Comercio,41894.19643094171,1986.1029337911336,1
13.0,17.0,0.0,0.0,0,1,Media,Comercio,42173.56119106372,5430.058078748772,0
10.0,18.0,1.0,0.0,0,0,Baja,Comercio,13038.34447967985,1388.619986719666,1
11.0,5.0,1.0,1.0,0,1,Media,Comercio,18937.826099063477,1999.7798038009737,0
14.0,0.0,0.0,0.0,0,1,Alta,Servicios,23576.355162681706,2182.4286392077647,0
5.0,15.0,0.0,1.0,0,0,Media,Comercio,17861.549928286044,3334.5637544582046,1
9.0,5.0,0.0,1.0,1,0,Media,Comercio,30283.296808141742,3521.6927841703264,1
4.0,14.0,1.0,0.0,0,1,Media,Comercio,17496.10361745079,3149.1543679626825,1
13.0,0.0,1.0,0.0,0,1,Media,Manufactura,32575.394889791816,2594.1700661250015,0
15.0,14.0,0.0,1.0,0,0,Baja,Servicios,27498.39201832686,2076.3370937988907,1
7.0,2.0,1.0,0.0,0,1,Baja,Servicios,26618.5329084828,4326.410895271272,0
26.0,13.0,0.0,0.0,0,0,Alta,Servicios,39134.32981636267,1964.5431508233405,0
5.0,9.0,0.0,0.0,0,1,Alta,Servicios,20224.710330010916,3332.6463347224926,0
4.0,3.0,1.0,0.0,0,0,Media,Manufactura,27554.87789437901,6029.918685734784,1
11.0,7.0,0.0,1.0,1,0,Baja,Manufactura,40462.58959923698,5908.3074169379115,1
19.0,13.0,0.0,0.0,0,0,Baja,Servicios,33776.535717383114,1712.142104537532,0
27.0,10.0,0.0,0.0,0,1,Media,Comercio,19724.210471814473,767.98768584203,0
8.0,13.0,0.0,,0,0,Media,Comercio,13446.572598101013,1652.8981406571797,0
19.0,21.0,0.0,0.0,0,1,Baja,Servicios,38873.731726567894,1666.0566717579761,1
10.0,0.0,0.0,0.0,0,1,Alta,Servicios,22616.935054383033,3393.9559029627685,0
9.0,19.0,1.0,1.0,0,0,Media,Tecnologia,30169.03685508706,2937.8152663222727,1
17.0,10.0,0.0,0.0,0,0,Alta,Comercio,26328.926317789486,1168.3978714791094,0
15.0,4.0,0.0,1.0,0,0,Alta,Tecnologia,26805.334529373624,1596.5828823924965,1
4.0,1.0,0.0,1.0,0,1,Media,Servicios,14489.53598305848,2196.1500959491696,1
24.0,8.0,0.0,0.0,0,1,Media,Comercio,33239.512834964415,1176.876173190781,1
23.0,15.0,1.0,0.0,0,1,Media,Servicios,37836.32414504199,1291.4210897909302,1
7.0,8.0,1.0,0.0,0,0,Media,Servicios,15329.430335913361,2555.4326418934447,0
13.0,18.0,0.0,0.0,1,0,Media,Comercio,15503.273346584961,1007.7783634352901,0
13.0,0.0,1.0,1.0,1,1,Media,Servicios,37223.57435340661,3574.923960661275,1
12.0,9.0,0.0,1.0,0,0,Alta,Servicios,19239.741632240286,2274.345605177416,0
7.0,1.0,0.0,0.0,0,1,Media,Servicios,12595.558132901122,2187.4312445355085,0
7.0,11.0,0.0,0.0,0,1,Media,Servicios,20901.96431354373,2829.460109926564,0
10.0,14.0,0.0,1.0,1,1,Alta,Comercio,39789.708742038485,4121.848944855011,1
20.0,6.0,0.0,1.0,0,1,Baja,Comercio,44522.74304999429,1520.4732419674954,1
14.0,0.0,1.0,0.0,0,1,Baja,Servicios,42100.83811801019,2908.2905698501468,1
8.0,10.0,0.0,0.0,0,0,Media,Servicios,19730.485217153222,1988.9637090868746,1
16.0,12.0,1.0,0.0,1,1,Media,Servicios,38215.54590983488,2841.2249138045436,1
2.0,11.0,0.0,1.0,0,0,Alta,Comercio,8520.557558046248,8105.336699625649,0
20.0,16.0,0.0,0.0,1,1,Media,Servicios,46722.21953837448,2647.0425027666383,1
4.0,3.0,1.0,0.0,0,0,Media,Manufactura,16647.400220505308,2529.8870638882163,0
8.0,13.0,0.0,0.0,0,0,Media,Servicios,27770.206739952522,3171.5316961724093,0
5.0,16.0,0.0,0.0,0,0,Baja,Servicios,,5226.8448335866715,0
5.0,0.0,1.0,0.0,0,1,Media,Manufactura,13848.776325986915,2830.910299960243,0
20.0,11.0,,1.0,0,0,Alta,Comercio,34433.497796406875,1434.1815079727926,0
8.0,6.0,1.0,0.0,0,0,Baja,Servicios,26938.98436206597,3580.3331840534925,1
12.0,9.0,1.0,0.0,1,1,Media,Manufactura,54530.82237336993,3330.872330922555,1
10.0,11.0,1.0,0.0,0,1,Media,Comercio,34734.257059599346,2742.62135356827,1
13.0,6.0,1.0,0.0,1,1,Baja,Manufactura,42071.43516734382,3803.299820594927,1
10.0,5.0,0.0,0.0,0,0,Baja,Comercio,11730.346392502468,909.9899640877865,1
5.0,9.0,0.0,0.0,1,1,Alta,Comercio,11024.110054641022,2522.3718932995566,1
18.0,2.0,0.0,0.0,0,1,Media,Tecnologia,31284.034563578272,1234.134837325537,1
7.0,2.0,0.0,0.0,1,1,Baja,Servicios,25071.118386867445,5567.871495388154,0
4.0,13.0,1.0,0.0,1,1,Baja,Comercio,16558.470641974513,3411.1038562884,0
8.0,2.0,1.0,0.0,0,0,Media,Comercio,16482.803121874713,1948.304325744428,0
25.0,13.0,1.0,1.0,0,1,Media,Servicios,72177.35412134511,3135.8611716820265,1
17.0,12.0,,1.0,0,0,Media,Servicios,21650.31183336062,1105.689393054792,1
8.0,0.0,1.0,0.0,0,0,Baja,Servicios,28147.745404743986,3646.898964713795,1
8.0,5.0,0.0,0.0,1,1,Alta,Comercio,15936.02606676925,2300.1629678387753,1
8.0,16.0,1.0,1.0,0,0,Media,Comercio,42900.47198928186,6818.193774983483,1
35.0,3.0,0.0,0.0,0,1,Media,Comercio,28232.443098342068,983.1417956745731,1
13.0,6.0,0.0,1.0,0,0,Media,Servicios,17679.52752753658,1302.7864059582657,1
13.0,12.0,0.0,1.0,0,1,Media,Comercio,26826.180791264112,1989.2765001965786,0
19.0,14.0,0.0,,1,0,Alta,Manufactura,31143.190829824172,2948.9046276447516,0
12.0,7.0,1.0,0.0,0,1,Alta,Servicios,20759.394687790005,2193.644942279321,1
9.0,5.0,1.0,1.0,0,1,Media,Comercio,26129.528229237894,2305.702801928219,1
9.0,18.0,1.0,0.0,0,0,Alta,Manufactura,26037.93009004402,2966.33382559582,1
10.0,19.0,0.0,0.0,0,1,Alta,Manufactura,22492.329537165653,2068.458127820316,0
10.0,15.0,0.0,0.0,0,0,Alta,Comercio,16247.64188008372,1570.7121758498592,0
15.0,10.0,1.0,0.0,0,1,Baja,Manufactura,21953.778776446106,1076.2849907906284,0
10.0,4.0,1.0,1.0,0,0,Media,Servicios,29969.53682718094,2703.6846424598066,0
15.0,4.0,0.0,1.0,0,1,,Manufactura,37635.48532795004,3946.3302887088935,0
10.0,12.0,0.0,1.0,0,0,Alta,Servicios,38501.209801898636,4449.864500776273,0
10.0,12.0,1.0,0.0,0,1,Baja,Servicios,22381.602680998705,1200.6509493230947,1
3.0,17.0,0.0,0.0,0,1,Media,Servicios,7299.48103593148,3298.1834232977476,0
17.0,13.0,0.0,0.0,0,1,Media,Manufactura,39341.233240812086,3038.813664786269,1
12.0,0.0,0.0,,0,0,Media,Comercio,17712.15848883595,1349.215548218168,0
18.0,15.0,0.0,0.0,0,1,Media,Servicios,21949.28582122728,1458.894169266043,0
2.0,3.0,1.0,1.0,0,0,Alta,Servicios,6521.271325692448,2630.232807593783,0
35.0,7.0,1.0,1.0,0,0,Media,Manufactura,98225.80814594636,2495.1703473211087,0
9.0,11.0,0.0,0.0,1,1,Alta,Manufactura,40109.1769149458,6481.922650683246,1
19.0,21.0,0.0,0.0,0,0,Baja,Comercio,14115.699333988578,694.1384218778567,0
5.0,28.0,0.0,0.0,0,1,Media,Comercio,16968.087412423567,2126.4704529537316,0
14.0,13.0,0.0,0.0,0,1,Media,Comercio,45066.51685890221,3168.4940613063454,0
5.0,8.0,0.0,1.0,0,0,,Servicios,16201.28457537716,3177.216576866645,1
7.0,12.0,1.0,0.0,0,0,Media,Manufactura,17465.426304434557,3366.6065558459914,0
31.0,14.0,0.0,1.0,0,0,Media,Servicios,41738.90647801448,1351.2506945088257,1
9.0,7.0,0.0,0.0,0,1,Media,Comercio,12211.188008045912,1221.0759864408171,0
11.0,20.0,0.0,0.0,0,1,Media,Servicios,14618.266369623832,1725.7135746848103,1
17.0,10.0,0.0,1.0,0,1,Media,Comercio,50417.62148545131,3056.666553835054,1
13.0,12.0,,0.0,0,0,Baja,Comercio,12362.87877018813,788.3944898681407,0
11.0,13.0,0.0,0.0,0,1,Baja,Comercio,28204.693115683174,3422.4015217032797,0
12.0,12.0,1.0,0.0,0,0,Media,Servicios,34099.05564076849,2982.5495291130314,0
42.0,14.0,0.0,0.0,0,1,Baja,Comercio,31975.678918601727,761.8827956721243,1
10.0,5.0,0.0,1.0,1,1,Baja,Servicios,26778.335403874436,2799.6241751383864,1
11.0,6.0,1.0,0.0,0,1,Media,Servicios,38534.58286505855,2680.4742255090464,0
19.0,2.0,1.0,1.0,0,1,Media,Servicios,49521.63147197408,2284.2943318850594,0
19.0,12.0,1.0,0.0,1,1,Media,Manufactura,40441.135567611884,2130.388048146781,1
20.0,14.0,1.0,0.0,0,0,Media,Comercio,48887.376454624864,2328.259553323784,0
15.0,,0.0,1.0,0,0,Media,Comercio,44055.75634890262,4037.0447067521,0
5.0,19.0,0.0,0.0,0,1,Media,Comercio,18613.383624073915,3930.6091835144653,1
27.0,9.0,0.0,0.0,1,1,Media,Comercio,30021.11963638555,1376.83892350955,1
5.0,13.0,1.0,0.0,1,1,Media,Comercio,20025.47840143742,4014.5140605917873,1
12.0,2.0,1.0,0.0,0,0,Media,Servicios,23085.44259095096,2505.1978141776394,0
6.0,7.0,0.0,0.0,0,1,Media,Servicios,14621.413215203478,2691.529401280356,1
10.0,13.0,0.0,1.0,0,0,Baja,Comercio,38618.14074042239,3874.7926891200527,1
12.0,14.0,1.0,0.0,0,1,Media,Comercio,16937.76830810602,1406.8012604061373,0
12.0,7.0,0.0,0.0,0,1,Media,Manufactura,,925.3884590356494,1
13.0,9.0,0.0,1.0,0,0,Alta,Manufactura,27358.606004409303,2388.8467399446613,0
26.0,0.0,1.0,0.0,0,1,Alta,Servicios,26388.13434500664,1004.7781097665868,1
13.0,7.0,1.0,1.0,0,0,Media,Servicios,25286.21124701276,1715.6840939013236,0
,14.0,1.0,0.0,0,1,Baja,Comercio,15671.545358917483,2296.1585611803566,0
18.0,12.0,1.0,0.0,0,1,Baja,Servicios,42289.008469896275,1718.757147327011,1
,12.0,0.0,1.0,0,1,Media,Servicios,40620.2931886318,1827.4316782005628,1
5.0,9.0,1.0,0.0,1,0,Media,Manufactura,26270.064862784275,6793.198204480788,0
14.0,9.0,1.0,1.0,0,0,Media,Servicios,34736.44688431025,2684.817844691166,1
15.0,5.0,0.0,0.0,0,1,Media,Manufactura,24551.1105842641,1617.2742296725605,1
8.0,13.0,0.0,0.0,0,0,Baja,Comercio,,3780.9594702728564,0
23.0,12.0,0.0,0.0,0,1,Alta,Manufactura,20426.044372394408,928.829672786048,0
9.0,12.0,0.0,0.0,1,1,Baja,Servicios,36321.241984657085,2762.1587639539316,0
11.0,6.0,1.0,1.0,0,1,Alta,Servicios,16478.258918038555,1372.770727872508,1
9.0,0.0,1.0,0.0,0,1,Alta,Comercio,12874.387391361577,2142.8692466262423,1
10.0,16.0,0.0,1.0,0,1,Media,Servicios,20382.101221998193,1728.4775600170112,0
5.0,6.0,0.0,1.0,0,0,Media,Servicios,20892.543322900303,3858.8883529722975,0
4.0,4.0,1.0,0.0,0,1,Media,Servicios,14680.821631938423,3205.4177950637504,0
26.0,13.0,0.0,0.0,0,1,Media,Servicios,36387.62927195264,1369.40798384008,0
6.0,,0.0,1.0,0,1,Media,Servicios,14029.170334927996,2021.0124126409066,0
,15.0,1.0,1.0,0,0,Media,Manufactura,24230.267611974414,4560.938828294953,0
3.0,13.0,0.0,0.0,0,0,Media,Servicios,8343.591535962581,2921.829110516991,0
7.0,13.0,0.0,0.0,1,1,Media,Servicios,26686.20657233594,4625.680886642053,1
5.0,1.0,0.0,0.0,0,1,Media,Comercio,8661.002965339165,1331.9677068875517,0
27.0,16.0,0.0,1.0,1,1,Media,Tecnologia,118912.17904411192,4044.9259456288814,0
18.0,11.0,1.0,0.0,0,1,Media,Servicios,19751.570401597026,1037.1023125055729,1
7.0,7.0,0.0,1.0,0,1,Baja,Servicios,19485.20827221165,3119.4515653972085,0
39.0,10.0,0.0,0.0,0,1,Baja,Comercio,,1797.2930176134278,0
18.0,0.0,1.0,0.0,0,1,Baja,Manufactura,31481.107304029705,2198.838553958122,1
8.0,11.0,1.0,0.0,0,1,Baja,Manufactura,18699.76030775427,3144.557126522697,1
2.0,3.0,0.0,0.0,0,1,Baja,Comercio,10882.50579198572,4249.457208804844,0
39.0,,0.0,0.0,0,0,Alta,Servicios,23400.119659523745,530.7104311705907,1
4.0,0.0,1.0,0.0,0,0,Baja,Comercio,9824.516873741566,2150.2922114298744,1
4.0,16.0,0.0,0.0,0,0,,Servicios,8862.959951036797,4278.844425627748,0
18.0,5.0,0.0,,0,1,Baja,Comercio,75991.15268941024,3791.5319176315734,0
43.0,18.0,1.0,0.0,0,1,Alta,Comercio,49378.043143517236,1746.6717141722338,0
23.0,6.0,1.0,1.0,0,1,Media,Tecnologia,28623.43396102661,906.7155783433277,0
14.0,0.0,1.0,0.0,0,0,Media,Servicios,36762.22220139148,2050.329836619003,0
14.0,2.0,1.0,0.0,0,1,Media,Servicios,32836.71169277158,1975.5338899263395,1
17.0,16.0,1.0,0.0,0,0,Media,Comercio,23375.440899412748,1112.9901976213,0
16.0,8.0,0.0,1.0,0,0,Media,Comercio,20043.81002609626,1171.58434455014,0
12.0,6.0,1.0,0.0,0,1,Baja,Manufactura,41958.55503782819,2928.7659177082674,0
11.0,10.0,0.0,1.0,0,0,Alta,Servicios,20338.628584300695,1506.5033342041359,0
10.0,12.0,0.0,1.0,0,1,Media,Servicios,14775.861722468919,1973.932588486856,0
6.0,16.0,,,0,1,Media,Comercio,39886.15577423518,9026.983216061586,0
8.0,18.0,0.0,0.0,0,1,Media,Servicios,18780.546562238495,2976.3691740319587,1
4.0,7.0,0.0,1.0,0,1,Media,Manufactura,31402.44262913557,8949.440876193803,0
9.0,1.0,1.0,0.0,0,0,Alta,Comercio,23432.37838128418,2664.6692645586827,0
6.0,7.0,0.0,0.0,0,1,Media,Manufactura,11919.097699593947,1754.3963199976265,1
5.0,11.0,0.0,1.0,0,1,Media,Comercio,27863.81466480014,4391.195849193726,0
11.0,3.0,0.0,0.0,1,0,Baja,,20799.69838641428,2070.5041720726636,1
23.0,3.0,1.0,1.0,0,0,Alta,Servicios,18189.22020773745,589.7404867937411,1
17.0,11.0,1.0,0.0,0,1,Media,Manufactura,32179.829066368507,1476.4584093542053,1
4.0,9.0,0.0,1.0,0,0,Baja,Servicios,20259.19366111301,6756.754366159931,1
6.0,9.0,1.0,0.0,0,0,Baja,Comercio,15839.985582649053,4245.842493819076,0
18.0,4.0,0.0,0.0,0,1,Media,Servicios,23016.681605602847,1410.820241600064,0
6.0,8.0,1.0,0.0,0,1,Alta,Comercio,24452.767965186915,5374.138260695048,1
9.0,3.0,0.0,1.0,1,1,Baja,Servicios,35161.06685669739,3673.89629096869,1
14.0,14.0,0.0,0.0,0,0,Media,Servicios,17090.41743769367,873.7526491889257,0
6.0,15.0,1.0,0.0,0,0,Baja,Tecnologia,32079.13812731378,6230.7041475938195,0
11.0,0.0,0.0,0.0,1,0,Media,Servicios,21075.891974990373,2209.037465877579,1
4.0,3.0,0.0,1.0,1,1,Media,Manufactura,8925.156766138645,2271.6278060850923,0
7.0,0.0,1.0,0.0,0,1,Alta,Tecnologia,21452.9269103416,2884.515866136034,1
12.0,5.0,1.0,0.0,1,1,Media,Servicios,36970.005263559884,3918.6723498780093,0
4.0,,0.0,0.0,0,1,Alta,Comercio,11228.755778862413,2194.052627846175,1
13.0,0.0,0.0,0.0,1,0,Media,Servicios,29248.300097978143,1854.1510818534573,1
10.0,3.0,0.0,0.0,0,0,Baja,Servicios,14581.438241581467,1133.3044381268305,0
14.0,,0.0,0.0,0,1,Media,Comercio,23651.99006031558,1725.7006962919559,0
11.0,10.0,0.0,1.0,0,1,Media,Tecnologia,19501.81617656991,1350.7217411535044,1
23.0,9.0,1.0,0.0,0,1,Alta,Servicios,39831.416567400796,1459.5106391061095,1
