sales_annual_usd,labor_productivity_usd_per_employee,employees,firm_age_years,access_finance,training,competition_level,exporter,successful,sector,digital_payments
42879.32713007694,5374.714149621036,13.0,10.0,1.0,1.0,Media,0,1,Manufactura,1
54570.89717350395,4728.282630739935,9.0,6.0,0.0,0.0,Baja,0,0,Servicios,1
56311.26002956195,3104.627627846332,15.0,10.0,0.0,0.0,Baja,1,0,Servicios,1
93419.35967549332,3129.017054716013,25.0,12.0,0.0,1.0,Baja,1,1,Servicios,1
24608.8893612164,2824.64505632583,9.0,9.0,0.0,0.0,Baja,0,1,Manufactura,0
34776.30859942361,2962.2606857503047,9.0,9.0,1.0,0.0,Baja,0,1,Manufactura,1
21037.9131150806,899.0123591471289,26.0,5.0,0.0,1.0,Baja,0,0,Manufactura,1
20143.243842369033,1555.8004983596302,16.0,5.0,0.0,1.0,Media,0,0,Servicios,0
10995.214241869173,504.7454294952379,14.0,19.0,0.0,0.0,Alta,0,1,Comercio,0
16804.096768973468,2693.8545510923077,8.0,2.0,1.0,0.0,Baja,0,0,Servicios,1
10669.886988399352,1685.9442382150955,8.0,5.0,0.0,1.0,Media,1,1,Comercio,0
34451.534012313976,3533.140793029094,12.0,5.0,1.0,0.0,Media,1,0,Servicios,1
32566.19246852257,11915.892137758216,3.0,14.0,1.0,1.0,Baja,0,1,Servicios,1
29689.89209484419,7842.515376991706,4.0,7.0,1.0,1.0,Alta,0,0,Manufactura,1
39611.208877450146,7325.045241117209,7.0,16.0,1.0,1.0,Baja,0,1,Manufactura,0
8335.501727681316,2696.5257067884445,5.0,5.0,0.0,0.0,Alta,0,0,Comercio,1
10122.331899220158,664.697849330145,12.0,11.0,0.0,0.0,Alta,0,1,Comercio,1
9772.685088239165,2132.6453082644903,6.0,4.0,0.0,1.0,Media,0,0,Servicios,1
23748.6462862594,957.9625793722932,24.0,2.0,0.0,1.0,Media,0,0,Manufactura,0
20921.02319441472,1583.119547983358,9.0,11.0,0.0,0.0,Media,0,0,Manufactura,1
12681.314929694834,1180.9830670903184,10.0,13.0,0.0,0.0,Media,0,0,Comercio,0
22288.640089416203,4342.570852353752,4.0,11.0,0.0,1.0,Baja,0,1,Servicios,1
33004.185194825994,2280.0389103591283,11.0,8.0,1.0,1.0,Media,0,1,Comercio,1
18893.163225589014,3377.497711452873,5.0,9.0,0.0,0.0,Media,0,0,Servicios,0
17355.088707494764,1306.6302849651647,12.0,8.0,0.0,1.0,Alta,0,0,Manufactura,1
27180.07508814536,3977.9346478313905,7.0,15.0,0.0,1.0,Baja,0,0,Servicios,0
31558.015336329667,2634.513674845828,8.0,22.0,0.0,1.0,Alta,1,1,Servicios,1
22583.45075592146,2247.74543421298,7.0,6.0,1.0,0.0,Baja,0,1,Servicios,1
49837.9825828513,1818.5847374609675,30.0,1.0,0.0,0.0,Media,0,0,Tecnologia,1
33877.19503398972,2775.407138159176,10.0,8.0,0.0,1.0,Media,0,0,Servicios,1
21942.83473568054,5741.01018704168,5.0,24.0,1.0,0.0,Media,1,1,Comercio,1
21301.039107145927,1408.442613003119,16.0,4.0,0.0,0.0,Baja,0,0,Comercio,0
18128.11568690002,5592.48702503828,3.0,6.0,1.0,1.0,Media,0,1,Comercio,0
12703.185377297274,2750.9236875174265,4.0,12.0,0.0,0.0,Media,0,0,Comercio,0
49518.17691264415,5597.78053490209,11.0,19.0,0.0,1.0,Alta,0,1,Manufactura,0
25536.039854635204,2215.2448335793865,11.0,8.0,0.0,0.0,Media,1,0,Servicios,1
15466.7203758615,2433.500017634886,9.0,6.0,0.0,0.0,Baja,0,0,Tecnologia,0
18286.367702502073,2167.6708038742895,8.0,3.0,0.0,0.0,Alta,0,0,Servicios,1
5762.811200793528,1452.5555589926346,4.0,5.0,0.0,0.0,Media,0,0,Comercio,0
27930.09416950284,4679.779273604112,6.0,2.0,1.0,1.0,Baja,0,1,Manufactura,0
27999.909767503905,2770.7312434790806,8.0,9.0,1.0,1.0,Baja,0,1,Servicios,1
17200.540682083672,923.0223654974856,19.0,4.0,0.0,0.0,Alta,0,1,Comercio,1
21470.77045386209,2536.9837894512534,12.0,10.0,1.0,0.0,Baja,0,1,Servicios,1
6500.831153287238,2421.9180978423815,3.0,0.0,0.0,0.0,Alta,0,0,Servicios,0
41701.70658318326,3502.234733519521,12.0,11.0,0.0,1.0,Baja,0,1,Servicios,0
25633.55407506678,3077.196137327343,8.0,14.0,1.0,0.0,Alta,0,0,Manufactura,1
25422.27390637493,3944.934391038634,7.0,0.0,1.0,1.0,Media,0,0,Servicios,0
59877.27011870792,5158.682909523678,14.0,11.0,1.0,1.0,Media,0,1,Comercio,0
44710.65884759485,2740.3417933433916,19.0,16.0,0.0,1.0,Alta,0,0,Tecnologia,1
30949.88667704027,1675.6309453276767,17.0,2.0,1.0,0.0,Media,1,0,Comercio,1
28163.690525962324,5090.975729690471,6.0,19.0,0.0,1.0,Media,1,0,Comercio,0
20210.748914165502,2848.4015604228257,8.0,12.0,1.0,0.0,Baja,0,0,Comercio,0
23252.64591764341,1506.3861915530094,12.0,5.0,1.0,0.0,Baja,0,0,Servicios,0
39100.20425228604,3254.0213508446864,7.0,12.0,1.0,1.0,Media,0,1,Comercio,1
23001.642368072924,2883.412448848881,9.0,9.0,0.0,0.0,Baja,0,0,Tecnologia,1
22363.87234585725,5275.61186676769,5.0,12.0,0.0,0.0,Baja,0,1,Tecnologia,1
10065.620979221923,2426.8020773598428,5.0,3.0,0.0,0.0,Media,0,0,Manufactura,1
35984.69577292022,2037.540198711115,16.0,10.0,0.0,0.0,Media,1,0,Manufactura,0
26615.53038201109,1250.1485536698312,23.0,1.0,1.0,0.0,Media,0,1,Comercio,1
24179.110755133683,3451.7882733489096,10.0,8.0,1.0,0.0,Baja,0,1,Comercio,0
43856.60218791745,3469.4494612450585,18.0,4.0,0.0,0.0,Baja,0,0,Manufactura,1
34114.84500347924,2822.24538040086,12.0,5.0,1.0,1.0,Alta,0,0,Servicios,0
42360.95407772301,6266.053948348774,7.0,16.0,1.0,1.0,Baja,0,1,Tecnologia,1
113941.08498726838,3131.7914459320223,25.0,13.0,1.0,0.0,Alta,0,0,Comercio,1
33386.0370658044,3079.550768576007,10.0,2.0,0.0,1.0,Media,0,1,Comercio,0
77780.53336289861,4177.39255777961,26.0,7.0,1.0,1.0,Baja,0,1,Tecnologia,0
9591.335666729992,6119.700216483401,2.0,16.0,0.0,1.0,Alta,0,1,Servicios,1
22936.88303920012,1431.0276948032886,11.0,23.0,0.0,1.0,Media,0,0,Comercio,0
39688.75178665297,4899.5762280069075,8.0,11.0,1.0,0.0,Media,0,0,Servicios,1
10036.708975143136,3634.227990757022,3.0,7.0,0.0,1.0,Baja,0,0,Comercio,0
16842.445828177264,1528.582734727624,9.0,10.0,0.0,1.0,Media,0,0,Comercio,0
66645.17943958436,4297.550541968435,12.0,8.0,1.0,1.0,Media,1,1,Servicios,1
58361.747758065816,1451.199595020856,24.0,13.0,0.0,0.0,Media,0,1,Comercio,1
18346.824830479534,2766.9743441451087,6.0,4.0,0.0,0.0,Media,0,1,Comercio,1
16869.69580801374,2506.519560826767,7.0,1.0,0.0,1.0,Media,0,0,Servicios,1
13032.149578190329,766.1682206264511,17.0,0.0,1.0,1.0,Alta,1,0,Tecnologia,0
41387.2505616507,2641.132342799675,12.0,12.0,1.0,0.0,Baja,1,1,Comercio,0
16631.48363082965,1734.329921536939,7.0,2.0,0.0,0.0,Media,0,1,Manufactura,1
20711.02289069086,1150.5958679438522,14.0,0.0,0.0,0.0,Baja,0,0,Comercio,0
31683.861486119644,2403.9664660787207,11.0,11.0,1.0,1.0,Media,0,0,Servicios,0
26829.295411588137,1633.580459493916,18.0,24.0,0.0,1.0,Media,0,0,Comercio,1
24606.990367181403,2881.154260941817,7.0,9.0,1.0,1.0,Alta,0,1,Comercio,0
37113.988551883565,7179.107449531763,8.0,14.0,1.0,0.0,Baja,0,1,Comercio,1
32186.168554576132,5201.167031632998,8.0,9.0,1.0,1.0,Alta,0,1,Comercio,1
17335.172396917693,5304.38082771864,4.0,8.0,0.0,0.0,Baja,0,0,Comercio,0
27811.69382900906,3384.208684114781,12.0,7.0,1.0,0.0,Baja,0,0,Comercio,1
25753.23436689499,2839.1942434663383,9.0,11.0,0.0,1.0,Media,0,0,Servicios,1
15566.643379529727,4060.595565483524,4.0,5.0,0.0,1.0,Media,0,0,Tecnologia,0
26311.399914950292,3856.6069954090062,8.0,8.0,0.0,1.0,Baja,0,1,Comercio,0
33837.35963920607,5007.9403260830495,6.0,4.0,0.0,0.0,Baja,0,0,Comercio,1
43247.121018854465,4205.77111844599,9.0,12.0,0.0,0.0,Alta,0,0,Manufactura,1
26406.326094041247,2383.6429961386357,13.0,4.0,0.0,0.0,Media,1,0,Comercio,1
16241.505369387578,626.4990425399592,31.0,9.0,1.0,0.0,Baja,0,1,Manufactura,1
33576.779493163616,2766.5517456136467,11.0,9.0,0.0,0.0,Media,0,1,Servicios,1
26097.385815229773,1462.476865838425,12.0,16.0,0.0,0.0,Media,1,0,Tecnologia,0
23489.834390100754,2230.3390882418416,10.0,12.0,1.0,0.0,Baja,0,0,Manufactura,0
13561.715324752911,5283.136388975991,3.0,9.0,0.0,1.0,Baja,0,1,Manufactura,0
22573.170491587767,3544.975232230294,10.0,14.0,0.0,0.0,Baja,0,0,Servicios,1
38527.857635739114,2855.6713690992533,10.0,17.0,0.0,1.0,Media,1,1,Servicios,0
30450.62647078167,622.0555513190849,44.0,12.0,0.0,0.0,Alta,1,0,Servicios,1
18237.214535910476,1838.387435144454,9.0,9.0,0.0,1.0,Alta,1,0,Servicios,1
20513.277544630288,2399.156090742487,12.0,1.0,0.0,0.0,Media,0,0,Manufactura,0
28591.730472622385,2834.3058683721647,10.0,3.0,0.0,0.0,Baja,1,1,Servicios,0
15930.762760980844,2539.5387055371257,5.0,7.0,0.0,0.0,Alta,0,1,Servicios,1
20392.962552629568,938.478180878798,16.0,9.0,0.0,1.0,Alta,0,0,Servicios,0
40546.55281814767,5405.937952432049,6.0,12.0,1.0,1.0,Media,1,1,Manufactura,1
66161.01597658558,4437.573329537213,23.0,9.0,0.0,1.0,Media,1,1,Comercio,0
25189.248752807423,1848.362202311714,14.0,9.0,0.0,0.0,Baja,0,0,Comercio,1
24203.07411180588,614.5212976408496,37.0,0.0,0.0,0.0,Baja,0,0,Comercio,1
10157.479858152738,1821.1863096316051,6.0,3.0,0.0,0.0,Media,1,0,Servicios,1
26532.55301619651,4065.436967317977,7.0,8.0,0.0,0.0,Baja,0,1,Comercio,1
24917.290983332223,2436.856560175155,11.0,2.0,1.0,0.0,Media,0,0,Comercio,0
16965.561702679952,1706.3839812792364,10.0,16.0,0.0,0.0,Media,0,0,Servicios,0
59903.32232809376,3953.798996496837,13.0,18.0,0.0,1.0,Alta,0,0,Manufactura,0
58997.4401985125,3916.9861180093935,25.0,7.0,0.0,1.0,Baja,0,1,Servicios,1
32613.582487909945,6744.032373948385,6.0,5.0,1.0,1.0,Baja,0,1,Tecnologia,1
12677.487123955378,1287.7140440747896,8.0,7.0,0.0,0.0,Media,1,0,Manufactura,1
20715.70087050892,1206.642819741695,16.0,7.0,1.0,0.0,Baja,0,1,Manufactura,1
19011.95424506415,3242.7149327343245,5.0,10.0,1.0,0.0,Baja,0,0,Servicios,1
42038.20368923147,5619.9363967142,11.0,10.0,0.0,1.0,Baja,0,0,Manufactura,0
57666.05043080143,1837.9611289937511,22.0,9.0,0.0,1.0,Media,0,1,Tecnologia,1
16500.0362906101,4244.768289418565,4.0,12.0,0.0,0.0,Alta,0,0,Comercio,1
19326.500089842524,1709.925807820722,11.0,16.0,0.0,0.0,Baja,0,0,Comercio,1
51342.67302104623,5261.021698014022,12.0,15.0,0.0,0.0,Media,0,1,Tecnologia,1
15062.390908384754,1941.0146213032376,5.0,0.0,0.0,0.0,Baja,0,1,Comercio,1
17014.89484205622,3195.909645968623,5.0,15.0,0.0,1.0,Alta,0,0,Comercio,1
37293.40474447854,2089.0692052008353,14.0,1.0,1.0,1.0,Media,0,0,Tecnologia,1
49179.36456098691,4180.631672223352,12.0,8.0,1.0,1.0,Media,0,0,Servicios,0
25589.39954772402,3052.0570164201886,12.0,2.0,1.0,1.0,Media,1,0,Comercio,0
20299.678086670716,1095.0960401002485,12.0,0.0,0.0,1.0,Baja,1,0,Comercio,1
20064.177058829904,2346.606298755328,7.0,12.0,0.0,0.0,Media,0,0,Manufactura,1
27966.406482676462,2214.2981924560363,11.0,14.0,0.0,1.0,Baja,0,1,Comercio,1
57572.8377305218,4361.152972602022,12.0,6.0,0.0,0.0,Alta,0,0,Manufactura,0
24514.69956191323,4916.244207612041,6.0,0.0,0.0,1.0,Media,0,0,Tecnologia,1
50558.458772300735,1561.671867546028,31.0,6.0,1.0,0.0,Media,1,0,Servicios,1
25844.22581021912,2205.7961887546408,13.0,11.0,1.0,1.0,Baja,0,1,Comercio,0
6550.959224373902,1120.449912268941,5.0,0.0,0.0,0.0,Media,0,0,Servicios,1
19979.86313534241,4044.730252373564,6.0,9.0,0.0,0.0,Media,1,1,Comercio,1
42354.60230635181,2204.307671975334,16.0,12.0,0.0,0.0,Media,0,1,Manufactura,0
50366.348400248906,3061.5781490401555,20.0,10.0,0.0,1.0,Media,0,1,Manufactura,0
14536.729187375662,2454.7188100491444,6.0,3.0,0.0,1.0,Alta,0,0,Servicios,0
28405.34911534446,2049.448594728412,18.0,16.0,0.0,0.0,Media,0,1,Servicios,1
35580.956930308326,2602.5877657506444,13.0,8.0,1.0,0.0,Alta,1,0,Comercio,1
19707.292819634804,1354.8777145302104,16.0,9.0,0.0,0.0,Alta,1,0,Comercio,0
68980.70763953822,2202.7093021590053,31.0,3.0,1.0,0.0,Media,0,0,Servicios,0
21986.968978706245,2384.9360626600023,9.0,6.0,0.0,0.0,Baja,0,1,Manufactura,1
6177.7705517634395,1177.5074246446109,6.0,8.0,0.0,0.0,Alta,0,0,Comercio,1
22784.78769034717,2778.586678794567,6.0,19.0,0.0,0.0,Baja,0,0,Manufactura,1
20529.370525233862,2937.8554563162384,10.0,1.0,0.0,0.0,Media,0,0,Servicios,0
16932.992972383396,886.4252793555461,12.0,0.0,1.0,0.0,Alta,0,1,Manufactura,1
22069.901353512825,1549.7677381163223,12.0,18.0,1.0,0.0,Media,0,1,Comercio,0
41760.9175975993,2549.2646028146505,16.0,8.0,0.0,1.0,Media,0,0,Servicios,1
14501.572514550127,1607.629915319308,10.0,5.0,0.0,0.0,Baja,0,0,Manufactura,1
65552.85588727675,4050.523284909088,24.0,15.0,1.0,0.0,Baja,0,0,Comercio,0
12458.662456464705,869.8962835169015,9.0,5.0,0.0,0.0,Alta,0,0,Manufactura,0
60305.89674385781,1041.5195205228056,51.0,20.0,0.0,0.0,Baja,0,1,Servicios,1
21494.800667203857,842.0233811015095,15.0,13.0,0.0,0.0,Baja,0,0,Servicios,1
26650.59546189185,4477.019426366213,6.0,6.0,1.0,1.0,Alta,1,0,Servicios,0
68351.78127093577,14631.11766514724,5.0,22.0,1.0,1.0,Media,0,1,Comercio,1
20847.83875666656,2386.9105293788275,13.0,5.0,0.0,0.0,Alta,0,1,Comercio,0
15645.23942297046,1791.5851620688302,9.0,13.0,1.0,0.0,Alta,0,0,Servicios,0
57548.94039937729,4980.806393981272,15.0,11.0,1.0,0.0,Baja,0,0,Comercio,1
27082.51756007341,2410.6545886078025,13.0,17.0,0.0,0.0,Baja,0,0,Comercio,1
45885.85339027216,4115.497484939341,10.0,18.0,0.0,1.0,Media,0,1,Comercio,1
21260.099302333067,2491.3690728489964,6.0,9.0,0.0,1.0,Media,0,0,Comercio,0
7310.678042568654,1957.7429202908736,4.0,4.0,1.0,0.0,Baja,0,1,Manufactura,1
13135.130613526617,1130.6846351275738,8.0,12.0,0.0,0.0,Media,0,0,Comercio,1
51546.48468772732,4191.557737759231,17.0,5.0,1.0,0.0,Baja,0,0,Comercio,1
26311.955658140992,2297.0199877482596,11.0,21.0,0.0,1.0,Alta,0,0,Servicios,0
19873.7118804901,5358.876194203304,5.0,10.0,1.0,1.0,Baja,0,0,Servicios,1
19554.14037661572,1576.5488196701217,11.0,7.0,0.0,0.0,Baja,0,1,Servicios,1
16602.688703947086,2915.7946721999447,6.0,1.0,1.0,1.0,Alta,0,0,Servicios,0
47783.709812317866,4295.330404592824,11.0,3.0,1.0,0.0,Media,0,0,Servicios,0
39678.67174996898,3561.0798818691705,10.0,16.0,1.0,0.0,Alta,0,1,Manufactura,1
29795.529918032746,6573.421490123025,5.0,5.0,0.0,0.0,Media,0,0,Servicios,1
38313.63542123896,2532.883516011289,12.0,3.0,1.0,1.0,Media,0,0,Servicios,0
53908.60441398722,2845.8845693631197,14.0,12.0,0.0,0.0,Baja,1,0,Servicios,1
75100.33445207818,5392.951139606251,19.0,16.0,0.0,0.0,Media,1,1,Manufactura,0
36816.2606195209,2324.006487011768,19.0,13.0,0.0,1.0,Media,0,1,Servicios,0
13355.202513647544,3394.255864799393,4.0,15.0,0.0,0.0,Media,0,0,Comercio,1
20003.86357837285,5055.372606415373,6.0,4.0,0.0,0.0,Baja,0,0,Comercio,0
33132.55767856541,2213.373241199857,14.0,0.0,1.0,0.0,Alta,0,0,Comercio,0
27049.93782246309,2689.3598250993236,14.0,18.0,0.0,0.0,Baja,0,0,Comercio,1
28649.132194452905,2138.1892894067087,14.0,7.0,1.0,1.0,Alta,0,0,Manufactura,1
83144.44360675807,637.1636017930605,101.0,7.0,0.0,0.0,Baja,0,1,Servicios,1
51524.83522438363,3300.286777268797,20.0,12.0,0.0,0.0,Media,1,0,Servicios,1
24759.95175957815,1334.5584443497214,18.0,12.0,1.0,1.0,Media,0,0,Servicios,0
86680.64707327403,6930.786199741811,15.0,22.0,1.0,1.0,Media,0,0,Servicios,0
33708.138655705145,2592.020915898829,16.0,15.0,1.0,0.0,Media,0,1,Comercio,1
11688.042106728748,1071.4760313724162,6.0,9.0,0.0,1.0,Media,0,1,Comercio,0
52514.09526192973,4521.784441971802,9.0,11.0,0.0,0.0,Media,0,0,Servicios,1
23086.44948015449,2168.957994305378,10.0,12.0,0.0,1.0,Baja,0,0,Servicios,1
74670.31325209531,1966.172421976592,40.0,12.0,0.0,1.0,Media,0,0,Servicios,1
16508.974504289115,3929.827132196765,3.0,15.0,0.0,0.0,Media,0,0,Comercio,1
19637.9527755701,2077.9474587315385,15.0,7.0,0.0,0.0,Media,0,0,Servicios,0
20158.941207017724,6786.843591442053,4.0,4.0,0.0,1.0,Media,0,1,Servicios,1
10133.695429317482,1204.7272659194018,8.0,3.0,0.0,0.0,Media,0,0,Comercio,0
27587.867017091696,1312.2761280863945,19.0,0.0,0.0,0.0,Baja,0,0,Tecnologia,1
21445.42405740822,2774.102549538213,10.0,21.0,0.0,1.0,Baja,1,1,Comercio,1
11708.669491792803,3843.9836961565297,5.0,2.0,0.0,1.0,Baja,0,0,Servicios,1
27637.293791839387,5846.520393268186,6.0,8.0,0.0,0.0,Media,0,0,Manufactura,0
14490.906721177307,1917.7910492540768,6.0,11.0,0.0,0.0,Alta,0,0,Comercio,1
70313.89167526235,5208.164052440021,11.0,14.0,0.0,1.0,Media,1,0,Manufactura,1
38361.756956192265,2849.7768080148076,10.0,14.0,1.0,1.0,Baja,0,0,Comercio,1
13446.837698396015,2145.288358903827,7.0,6.0,0.0,0.0,Alta,0,0,Servicios,1
34193.2514965475,992.4389783617416,36.0,8.0,0.0,0.0,Alta,0,0,Comercio,1
33163.37020943295,2128.479718961541,15.0,11.0,1.0,1.0,Media,0,0,Comercio,0
8788.006607395408,3586.189702866659,3.0,8.0,0.0,0.0,Media,0,1,Comercio,0
36034.796743355415,3515.4210209341586,7.0,12.0,1.0,1.0,Media,0,1,Tecnologia,1
30732.41022598797,1557.1565821739523,17.0,13.0,0.0,0.0,Alta,0,0,Manufactura,0
32703.381647251405,6690.943637577727,6.0,13.0,0.0,1.0,Baja,0,0,Manufactura,0
32218.20130088278,3184.7452526085663,9.0,16.0,0.0,0.0,Baja,0,0,Manufactura,1
25586.81980549488,1497.0081039025556,14.0,10.0,0.0,0.0,Media,1,1,Tecnologia,1
17929.47715279932,1360.5202176408295,17.0,1.0,0.0,1.0,Media,0,0,Servicios,1
14408.029441368948,2087.511572438785,5.0,11.0,0.0,0.0,Alta,0,0,Servicios,1
16789.917070610467,1946.3231688348135,8.0,5.0,0.0,1.0,Alta,0,0,Comercio,1
19674.14306166893,2669.8564407204303,8.0,6.0,0.0,0.0,Media,0,0,Manufactura,1
17537.100321004335,2170.4912570578467,7.0,13.0,0.0,0.0,Baja,0,0,Comercio,0
120923.009987666,5071.553322909986,29.0,16.0,0.0,0.0,Alta,1,1,Manufactura,1
14881.920141269962,993.0030549770185,13.0,9.0,0.0,0.0,Media,0,0,Servicios,1
14720.355070630516,4186.84805044051,5.0,11.0,1.0,0.0,Baja,1,1,Servicios,1
33793.92591194593,1926.3579761003516,17.0,19.0,0.0,0.0,Media,0,0,Manufactura,0
30768.815055727464,1010.8588080882876,36.0,10.0,0.0,0.0,Media,0,0,Servicios,0
21280.573848102416,4547.671159479246,4.0,12.0,0.0,1.0,Media,0,0,Servicios,1
30125.566971197823,2575.6255226565877,7.0,0.0,0.0,1.0,Media,1,0,Servicios,0
20222.362231059884,1053.8557004715146,21.0,14.0,0.0,1.0,Alta,0,0,Comercio,1
30258.970710119444,2674.600015753949,13.0,17.0,0.0,0.0,Media,0,0,Comercio,1
45339.30510906624,2677.6879806575243,16.0,13.0,0.0,1.0,Media,0,0,Servicios,1
37121.73494327028,5555.765690524347,6.0,8.0,0.0,0.0,Media,0,0,Manufactura,1
33501.27544015849,5535.138955359811,10.0,2.0,1.0,0.0,Baja,0,0,Servicios,0
9003.376393041395,6230.839945273599,1.0,8.0,0.0,1.0,Baja,0,0,Comercio,0
11565.886142859365,2779.0513340508287,5.0,4.0,0.0,1.0,Media,0,0,Comercio,1
17273.353841060027,1662.446033271406,9.0,6.0,1.0,0.0,Media,0,0,Servicios,0
14073.1178343398,2587.99611166348,5.0,13.0,0.0,0.0,Media,0,0,Manufactura,1
93343.7552438334,3193.688113633425,27.0,19.0,1.0,1.0,Baja,0,0,Comercio,1
15110.421613065146,3090.18743964426,4.0,11.0,0.0,1.0,Media,0,1,Comercio,0
14202.825003912889,2047.880589639343,8.0,2.0,1.0,1.0,Media,0,0,Servicios,0
32213.250181202544,4145.997829134833,11.0,12.0,0.0,1.0,Baja,0,1,Tecnologia,1
102285.51487970808,4793.29302033428,24.0,16.0,1.0,1.0,Baja,0,1,Manufactura,1
14161.363798732513,3633.03553742272,4.0,5.0,1.0,0.0,Alta,0,0,Servicios,0
26836.359810632817,1048.557362573205,20.0,8.0,0.0,0.0,Alta,0,0,Servicios,0
37854.356037269165,10816.513550626223,6.0,4.0,0.0,1.0,Media,1,0,Comercio,1
36610.72845518498,2560.5403520414766,13.0,13.0,0.0,1.0,Media,0,1,Manufactura,1
12697.730853463823,1576.5530859707228,7.0,12.0,0.0,0.0,Media,0,0,Comercio,1
21551.608010667143,1906.9627246060925,10.0,4.0,0.0,1.0,Media,0,1,Servicios,0
25493.97698910263,2564.6084128827397,11.0,13.0,0.0,1.0,Media,0,1,Comercio,1
24315.756777771076,1312.1753363276146,15.0,7.0,0.0,1.0,Alta,0,0,Tecnologia,0
30857.819867980255,793.5235036994088,26.0,19.0,0.0,1.0,Media,0,0,Servicios,1
12047.044806237174,2908.620636012143,5.0,7.0,0.0,1.0,Media,0,0,Comercio,1
78384.774722114,1661.309794052205,36.0,10.0,0.0,1.0,Baja,1,1,Comercio,0
11651.742408737467,3568.610055100648,3.0,15.0,0.0,0.0,Media,0,0,Comercio,0
31465.571142804103,1580.170400085247,14.0,0.0,0.0,0.0,Media,1,0,Manufactura,1
15110.449485656294,858.4132217211675,12.0,0.0,0.0,0.0,Alta,0,0,Servicios,0
21112.530689721258,3126.8121384587785,9.0,6.0,0.0,0.0,Media,0,0,Manufactura,1
21705.44127481173,2091.8888223889003,7.0,24.0,1.0,0.0,Alta,1,1,Manufactura,1
24550.397899875818,1222.6630297354457,12.0,18.0,1.0,0.0,Media,0,1,Servicios,0
12369.6633072113,2157.5259095397696,7.0,21.0,0.0,0.0,Alta,0,0,Servicios,1
59651.49226196604,4368.664216505909,17.0,21.0,0.0,1.0,Baja,0,0,Manufactura,1
29077.26699273796,2241.4066169428215,12.0,16.0,1.0,0.0,Alta,0,0,Servicios,1
48012.59802665014,4103.996699672787,16.0,15.0,0.0,0.0,Alta,1,0,Servicios,0
30572.501771216823,2707.8762673887977,15.0,13.0,0.0,0.0,Baja,0,1,Manufactura,1
25469.107453440218,3250.129197692945,7.0,6.0,1.0,0.0,Media,0,1,Servicios,0
30347.08025139064,2147.3877497899543,14.0,9.0,1.0,1.0,Alta,0,1,Comercio,0
35226.97371057902,4061.9645044371055,10.0,8.0,1.0,1.0,Alta,0,0,Comercio,1
31936.60634304895,2677.3122462080973,11.0,6.0,0.0,0.0,Baja,1,1,Manufactura,1
24870.55013107718,4879.06060533488,7.0,15.0,0.0,0.0,Media,0,1,Servicios,0
33562.87242764562,3391.559235909401,9.0,18.0,1.0,1.0,Media,0,0,Comercio,1
26258.596292519407,3614.879179311464,9.0,2.0,0.0,0.0,Baja,0,1,Comercio,0
13412.647310815702,1033.4665779876543,19.0,8.0,0.0,0.0,Media,0,0,Manufactura,1
46466.78327900883,1441.481068239403,16.0,5.0,0.0,0.0,Media,0,0,Manufactura,0
27479.11817223459,1914.39867842454,16.0,0.0,1.0,1.0,Baja,1,0,Comercio,1
24551.328915146332,2781.411457672719,10.0,8.0,1.0,1.0,Alta,0,1,Servicios,0
28499.89159248424,1961.7400950725053,15.0,18.0,0.0,0.0,Media,0,0,Servicios,1
49747.5940963109,7289.625642391888,8.0,13.0,1.0,1.0,Media,0,1,Manufactura,1
22799.16816054314,1676.998347913304,12.0,3.0,1.0,1.0,Media,0,1,Servicios,1
32134.650677108955,2235.355560741764,9.0,20.0,0.0,1.0,Media,0,0,Servicios,1
23209.6732922585,1885.290317089022,11.0,16.0,0.0,1.0,Baja,0,0,Comercio,0
23358.75065726492,1847.117384910772,14.0,12.0,0.0,0.0,Media,0,0,Comercio,0
69387.56103268113,1479.0525723909798,35.0,3.0,1.0,1.0,Baja,0,1,Servicios,1
18196.67231864714,4704.718456413546,5.0,7.0,1.0,0.0,Baja,0,1,Servicios,1
16398.502940697046,2789.281572320837,5.0,16.0,0.0,0.0,Baja,0,1,Servicios,1
49763.2839321998,2724.1532299434944,20.0,20.0,1.0,0.0,Baja,0,0,Comercio,0
43155.61287404504,2374.413065922936,16.0,18.0,1.0,0.0,Alta,0,0,Servicios,0
21026.23095351971,1467.0641209572875,15.0,6.0,1.0,0.0,Media,0,0,Comercio,0
42060.11387233284,3504.3991707872615,15.0,2.0,1.0,1.0,Baja,1,1,Manufactura,1
32976.59868121929,2426.5234810211905,10.0,10.0,0.0,0.0,Baja,0,0,Manufactura,1
12074.779523253088,1697.8843856290405,6.0,0.0,0.0,0.0,Alta,0,0,Servicios,1
45139.67032404238,4727.596915892418,10.0,11.0,1.0,0.0,Media,1,1,Comercio,1
19161.60513337047,4989.792423814122,7.0,8.0,1.0,1.0,Media,0,1,Comercio,1
12389.911288167335,554.7228550229138,18.0,6.0,0.0,0.0,Alta,0,0,Tecnologia,0
19533.19045944792,3614.393208392571,9.0,0.0,0.0,1.0,Media,0,0,Tecnologia,1
19891.0899399975,5471.858091681693,6.0,12.0,0.0,1.0,Media,1,0,Servicios,1
23597.535969878783,2878.798354817899,8.0,6.0,0.0,0.0,Baja,1,0,Comercio,1
26450.9877568012,3178.365443573521,7.0,0.0,1.0,1.0,Media,0,0,Servicios,0
20158.836155412195,3303.0048320630763,6.0,9.0,1.0,1.0,Media,0,1,Servicios,0
36076.18463344005,2114.9822801102555,12.0,20.0,0.0,1.0,Media,1,1,Comercio,0
34128.709915755506,2790.36541104484,12.0,19.0,0.0,0.0,Media,1,0,Comercio,1
17499.491988613743,3634.537147508941,7.0,6.0,0.0,0.0,Baja,0,0,Servicios,0
18958.891878527487,2034.1137952483432,8.0,5.0,0.0,0.0,Baja,0,1,Comercio,1
36366.70361063498,3112.9700524295968,11.0,12.0,1.0,0.0,Media,0,0,Servicios,1
10622.307554025036,1735.6409977666572,4.0,3.0,1.0,1.0,Alta,0,0,Comercio,0
19399.200370134236,5325.214583201175,4.0,11.0,0.0,0.0,Media,0,0,Servicios,0
26356.296922246667,4692.98185697594,6.0,14.0,1.0,1.0,Media,0,1,Servicios,1
44826.18891272161,3538.4158614560324,12.0,8.0,1.0,1.0,Baja,0,1,Servicios,1
39993.35262139945,1548.7837504744894,24.0,8.0,0.0,1.0,Baja,1,1,Comercio,1
43121.79155156133,4756.916889256733,9.0,4.0,0.0,0.0,Baja,0,1,Comercio,1
17989.47543812442,1946.32847387684,10.0,8.0,0.0,0.0,Baja,0,0,Servicios,1
17497.232852661342,3692.672821270434,5.0,11.0,0.0,0.0,Media,1,0,Comercio,0
19272.132971434345,2552.1391600353,10.0,14.0,0.0,0.0,Baja,1,1,Manufactura,1
19917.227661616093,2948.7815511493045,8.0,4.0,0.0,0.0,Media,0,0,Servicios,1
21077.835964652695,1672.3534114795243,14.0,9.0,1.0,0.0,Media,0,0,Comercio,1
64744.628916910755,3588.7917766131154,25.0,5.0,1.0,1.0,Media,0,0,Servicios,1
28253.66114589805,3653.6772348221502,9.0,0.0,0.0,0.0,Media,1,1,Comercio,1
28047.824679732235,1361.3569371629867,13.0,14.0,1.0,0.0,Media,0,0,Comercio,0
33402.1133316022,3085.697300369782,15.0,13.0,1.0,1.0,Alta,1,1,Manufactura,0
47610.403638467695,6155.855975098277,8.0,7.0,1.0,1.0,Baja,0,1,Comercio,0
9780.355333763497,1049.3047583543766,10.0,12.0,1.0,0.0,Alta,0,0,Comercio,0
34445.54019969689,2872.6601114587015,11.0,0.0,1.0,1.0,Media,0,0,Tecnologia,0
18243.77940171444,3218.1990861923146,6.0,6.0,1.0,1.0,Media,0,0,Manufactura,1
32107.83877047932,2769.16571579968,10.0,14.0,0.0,0.0,Media,0,0,Servicios,1
23531.220196994032,2489.163637981431,13.0,1.0,0.0,1.0,Baja,0,1,Manufactura,0
45656.63631760903,1006.4190926005016,36.0,12.0,0.0,1.0,Baja,1,0,Manufactura,0
16222.794273510315,2891.7208803735502,6.0,9.0,0.0,1.0,Media,0,1,Servicios,1
26192.269564265185,1614.503926774957,17.0,0.0,1.0,1.0,Alta,0,1,Comercio,0
47707.39131405907,4779.314951678552,11.0,16.0,1.0,0.0,Media,0,0,Servicios,0
43055.20620983691,900.1015155777836,37.0,5.0,0.0,1.0,Baja,0,0,Servicios,1
13550.439868464711,1513.4082710667242,6.0,4.0,1.0,0.0,Media,0,0,Servicios,0
23100.27458937017,4501.824958245581,6.0,10.0,0.0,0.0,Media,1,1,Comercio,1
23147.979889755083,4793.006284486955,7.0,16.0,1.0,1.0,Alta,0,0,Servicios,1
18212.181413830505,4696.840198272813,3.0,3.0,1.0,1.0,Media,0,0,Servicios,1
15408.194396984942,3275.1040626522063,7.0,9.0,1.0,1.0,Baja,0,0,Comercio,0
41825.69162476344,7483.713143308332,6.0,12.0,1.0,0.0,Media,0,1,Servicios,0
14603.265203616063,1325.22750800959,11.0,13.0,0.0,0.0,Media,0,1,Servicios,1
27122.22279619465,2046.3538449062676,12.0,10.0,1.0,0.0,Baja,0,0,Servicios,0
43511.75384862685,992.9394393810846,31.0,7.0,0.0,1.0,Media,0,0,Servicios,1
81705.96470321028,5810.620580680183,18.0,4.0,1.0,1.0,Media,1,1,Comercio,0
53559.42314010098,7345.446608876732,6.0,3.0,1.0,1.0,Baja,0,0,Tecnologia,0
30530.86501707039,3009.489188981961,13.0,0.0,0.0,1.0,Media,0,0,Comercio,1
26041.613886849693,3252.786516025183,5.0,12.0,1.0,1.0,Alta,0,0,Servicios,1
25237.11915359001,574.7725157193886,30.0,14.0,0.0,0.0,Alta,0,0,Servicios,1
22123.303201138184,1101.16164340726,20.0,0.0,0.0,0.0,Alta,0,1,Comercio,0
22010.0225639479,2960.5571775398976,8.0,3.0,1.0,1.0,Alta,1,1,Comercio,1
33945.86369814646,9579.796143271782,4.0,13.0,0.0,1.0,Baja,1,1,Servicios,0
45371.98434187118,1912.4836791106957,22.0,21.0,1.0,0.0,Media,1,1,Servicios,1
12253.38880660002,2891.6047847853583,4.0,8.0,1.0,0.0,Baja,0,0,Servicios,0
30612.22701673589,3583.151385943899,7.0,17.0,0.0,1.0,Alta,0,0,Manufactura,1
23069.18357786657,2379.497411599232,10.0,5.0,0.0,1.0,Media,0,1,Comercio,0
35383.32594498134,4126.36100382684,10.0,4.0,1.0,1.0,Alta,0,0,Servicios,0
37267.889234274655,1834.4664599687055,14.0,3.0,0.0,0.0,Baja,0,1,Servicios,1
41042.96915053807,7718.984384304839,5.0,10.0,0.0,1.0,Media,0,0,Manufactura,0
30648.75804334693,3807.769049479324,9.0,19.0,1.0,1.0,Baja,0,1,Comercio,0
55714.776145401374,5865.657042219205,11.0,11.0,1.0,0.0,Alta,0,1,Manufactura,1
39867.67664384119,2852.357146055441,14.0,7.0,1.0,1.0,Baja,0,1,Tecnologia,0
16491.17039507208,1259.0795037294192,15.0,7.0,0.0,0.0,Media,0,1,Manufactura,1
19900.424720689596,3251.323644262632,5.0,0.0,1.0,1.0,Media,0,0,Manufactura,1
32665.09124164689,12055.113882550091,4.0,14.0,1.0,1.0,Media,0,1,Comercio,1
17233.38234712557,1026.0430864065695,12.0,8.0,0.0,0.0,Media,0,0,Comercio,1
50110.67725772625,6383.387247737643,6.0,28.0,1.0,1.0,Baja,0,0,Comercio,1
59935.49243572146,1845.3382525298273,25.0,11.0,1.0,1.0,Baja,0,1,Manufactura,0
37172.20898441622,4003.458576667714,11.0,4.0,0.0,1.0,Media,1,0,Servicios,1
40365.37653391081,1463.8327773195938,20.0,6.0,0.0,1.0,Media,0,1,Manufactura,1
48762.22732414131,4488.931976697004,10.0,16.0,1.0,1.0,Media,0,1,Manufactura,1
51232.84036484507,1688.256457262891,34.0,10.0,0.0,1.0,Media,1,1,Tecnologia,0
40609.7875673909,1377.3643711050686,29.0,0.0,1.0,0.0,Media,0,1,Manufactura,0
17887.210677186857,2120.3544577564226,9.0,15.0,1.0,0.0,Media,0,1,Servicios,0
24907.584795905084,1926.7521462751072,15.0,20.0,0.0,0.0,Media,0,0,Servicios,1
39855.9198828126,1486.573428740618,23.0,15.0,0.0,0.0,Alta,0,0,Servicios,0
15779.835119374256,2424.9683647167967,6.0,6.0,1.0,0.0,Alta,0,0,Comercio,1
52136.65081695376,3688.61446163659,15.0,17.0,0.0,1.0,Media,1,0,Manufactura,1
36185.5503904372,1954.2186672895325,19.0,9.0,1.0,1.0,Media,0,1,Manufactura,0
9403.746923400986,3153.4305849419256,3.0,14.0,0.0,1.0,Alta,0,0,Comercio,1
9275.190655455055,2868.6556995174597,3.0,4.0,0.0,0.0,Baja,1,0,Servicios,0
40500.982409372984,1914.592337624837,15.0,15.0,1.0,0.0,Media,0,1,Servicios,1
38622.32883993317,1376.1937140089672,25.0,7.0,0.0,0.0,Alta,0,0,Comercio,1
17833.38050067595,1964.8322778453896,10.0,7.0,0.0,1.0,Media,0,1,Servicios,0
27667.845706573786,744.5873677437103,27.0,3.0,0.0,1.0,Baja,0,0,Servicios,0
12164.05629439912,4060.623160056837,4.0,12.0,0.0,1.0,Baja,0,1,Servicios,1
22953.21098965639,7881.882676359821,4.0,21.0,0.0,1.0,Media,0,0,Comercio,1
28766.31836200308,2107.1418682770773,10.0,3.0,1.0,0.0,Alta,0,0,Comercio,0
45555.97757182335,4920.43724205545,13.0,9.0,0.0,1.0,Media,1,1,Comercio,0
35714.74336370238,3445.548447244924,10.0,17.0,0.0,1.0,Media,0,1,Comercio,1
46008.89949516264,4515.191069025494,9.0,12.0,1.0,1.0,Alta,0,1,Servicios,0
12653.589635719329,3187.5870979611,5.0,3.0,0.0,0.0,Alta,0,0,Comercio,1
51899.746452841384,3829.7028237353697,15.0,12.0,0.0,1.0,Baja,0,1,Manufactura,1
26172.062262372605,1779.3489732472065,12.0,8.0,1.0,1.0,Media,0,0,Comercio,0
12010.486260001391,1495.8882147201407,6.0,15.0,0.0,0.0,Baja,0,0,Manufactura,0
22078.194644276107,2189.349999537574,7.0,16.0,0.0,1.0,Baja,0,0,Servicios,1
26695.813773547234,5596.012537723434,5.0,25.0,0.0,1.0,Baja,0,0,Comercio,1
42029.09016186707,4849.592890791845,10.0,12.0,1.0,1.0,Baja,0,1,Servicios,1
54265.366662290944,3547.545197230929,18.0,11.0,0.0,0.0,Media,0,1,Comercio,1
23358.064790481883,3779.862256073193,6.0,10.0,1.0,1.0,Media,0,0,Servicios,0
45710.1995415703,2632.9976456341424,13.0,7.0,1.0,0.0,Media,0,0,Servicios,1
12574.368982266442,1514.721639579802,7.0,11.0,0.0,0.0,Media,0,0,Comercio,0
16434.92663209305,3653.685680132228,6.0,7.0,0.0,0.0,Baja,1,1,Comercio,0
17876.97995459245,1759.6802750605798,9.0,10.0,0.0,1.0,Baja,0,0,Servicios,1
20366.62689217481,4222.021829471016,5.0,17.0,1.0,1.0,Media,0,0,Comercio,1
21853.93629066809,2385.856754334378,7.0,3.0,0.0,1.0,Media,0,0,Comercio,1
17608.090646341996,3830.7719682104303,5.0,16.0,0.0,1.0,Media,0,0,Servicios,0
54672.038347802896,1523.7819255720706,32.0,17.0,0.0,0.0,Alta,1,0,Comercio,0
27344.789613274035,3552.384572050593,10.0,8.0,1.0,0.0,Media,0,0,Comercio,1
9417.58572115446,1632.4109629339384,7.0,0.0,0.0,0.0,Alta,0,1,Comercio,0
48465.26136189058,3892.3983936804457,11.0,5.0,1.0,0.0,Media,0,0,Servicios,0
21797.608743534365,2346.4644101759327,9.0,17.0,0.0,0.0,Baja,0,0,Servicios,0
35083.00627634403,3396.39041222087,9.0,9.0,0.0,0.0,Media,1,0,Comercio,1
25968.178329640665,1309.8629958280117,16.0,6.0,0.0,0.0,Media,0,0,Comercio,0
30653.383556347424,4601.522525423692,7.0,14.0,0.0,0.0,Baja,0,0,Servicios,1
16291.593125785885,2113.49853915478,8.0,8.0,1.0,1.0,Baja,0,0,Manufactura,1
16561.736108526253,5119.462375616733,3.0,7.0,1.0,1.0,Alta,0,1,Servicios,1
32920.53376142948,10392.338790070757,4.0,7.0,1.0,1.0,Alta,0,0,Tecnologia,1
42047.19253506604,1857.411551429879,23.0,3.0,0.0,0.0,Media,1,0,Tecnologia,0
48569.745085240254,2144.6522091214815,27.0,19.0,0.0,0.0,Media,0,0,Servicios,1
14612.489310686464,1042.0690780966347,9.0,7.0,0.0,1.0,Media,0,1,Tecnologia,1
21704.357718100568,581.4999833640895,14.0,16.0,1.0,0.0,Alta,0,0,Servicios,0
55198.84551741267,4938.108660765803,12.0,18.0,1.0,0.0,Media,1,0,Manufactura,1
59338.86951721387,659.6396512093452,63.0,15.0,0.0,0.0,Alta,0,0,Comercio,1
34808.63314218047,1650.4042131549163,20.0,6.0,0.0,0.0,Media,0,0,Comercio,0
13956.748543698995,1437.9440067682349,9.0,11.0,0.0,0.0,Alta,0,0,Comercio,0
17227.96151514182,4270.045208733742,6.0,9.0,0.0,0.0,Media,0,0,Manufactura,0
12873.443647978003,3556.8358186530086,4.0,4.0,0.0,1.0,Media,0,1,Servicios,0
17841.254079649876,1690.5990008799154,11.0,11.0,1.0,0.0,Alta,0,1,Comercio,1
6481.606116357173,1331.700446145576,6.0,2.0,1.0,0.0,Alta,0,0,Servicios,0
21677.805846384203,5942.435110867807,4.0,16.0,0.0,1.0,Media,0,0,Servicios,1
17371.29431528965,2213.311243853675,7.0,6.0,0.0,0.0,Baja,0,0,Servicios,0
19131.786460142503,5001.72190669658,5.0,10.0,1.0,0.0,Media,1,1,Comercio,1
23482.292625716906,659.0026217292365,27.0,11.0,0.0,1.0,Alta,1,1,Servicios,0
27892.50508811169,1778.8311133991288,17.0,7.0,0.0,0.0,Media,0,0,Servicios,0
43620.733552835445,1912.6021777296296,24.0,6.0,0.0,0.0,Baja,0,0,Servicios,1
41492.14394145398,4354.311153782883,10.0,14.0,0.0,0.0,Media,0,1,Comercio,1
10708.03607775725,2713.797013213137,6.0,1.0,1.0,0.0,Media,1,0,Tecnologia,0
24516.283609111542,663.1316347772595,25.0,10.0,0.0,1.0,Alta,0,0,Servicios,0
37954.60601002239,2332.8991007412765,14.0,21.0,0.0,0.0,Baja,0,0,Tecnologia,1
29397.26344894655,7222.017054042212,5.0,3.0,1.0,1.0,Alta,0,0,Manufactura,0
8380.649902146912,1012.6090341048654,9.0,5.0,0.0,0.0,Media,0,1,Comercio,0
49207.53006980163,8579.39549245389,6.0,12.0,1.0,0.0,Baja,0,0,Comercio,1
21434.143439251744,4219.247740216032,4.0,10.0,1.0,1.0,Media,0,1,Manufactura,0
27285.323482392152,1384.627326614856,17.0,11.0,0.0,0.0,Media,0,0,Servicios,1
46297.064179473455,2038.780016836455,31.0,12.0,1.0,0.0,Media,0,1,Comercio,1
13718.475645826928,3385.7378264964514,4.0,13.0,0.0,0.0,Baja,0,1,Comercio,1
50225.01439786638,3940.453395893725,14.0,16.0,1.0,0.0,Baja,0,1,Comercio,0
10175.219514605236,1412.3402407719798,7.0,11.0,0.0,0.0,Alta,0,0,Manufactura,0
45188.04372629965,4802.569103615846,7.0,8.0,1.0,1.0,Baja,1,1,Servicios,1
20398.75737376851,3680.3816034992224,7.0,13.0,1.0,0.0,Baja,0,1,Comercio,0
12252.727876770214,2315.897318276853,6.0,20.0,0.0,0.0,Media,0,1,Comercio,0
42956.0900595117,7644.623183514128,10.0,8.0,0.0,0.0,Media,0,0,Servicios,0
33891.459827703984,4382.013167263852,6.0,3.0,1.0,1.0,Media,1,1,Servicios,1
42760.28743780233,4376.924849990813,12.0,16.0,1.0,0.0,Media,1,1,Comercio,0
35634.3120137113,2567.256733113421,10.0,8.0,0.0,1.0,Alta,0,0,Manufactura,1
19515.207653789945,2255.3521072453404,9.0,0.0,1.0,1.0,Media,1,1,Comercio,1
62664.64864632056,13331.966520500202,6.0,14.0,0.0,1.0,Baja,1,1,Manufactura,1
7582.193642009098,645.2345585602078,7.0,6.0,0.0,0.0,Baja,0,1,Comercio,1
16868.429816470485,1001.6232920495576,16.0,8.0,0.0,0.0,Media,0,1,Servicios,0
25560.93390749195,1707.9833989271397,13.0,11.0,0.0,1.0,Media,0,1,Servicios,1
34677.7572761931,4849.374302999622,6.0,10.0,1.0,1.0,Media,1,0,Servicios,0
30861.04693140091,3089.170665418222,11.0,13.0,0.0,1.0,Media,0,1,Servicios,1
38866.27472769523,3214.621448581321,16.0,6.0,1.0,0.0,Media,1,0,Servicios,1
13319.598236559825,3220.776444463694,4.0,12.0,0.0,0.0,Baja,0,0,Comercio,0
18090.089979593915,1360.2636628032465,14.0,7.0,0.0,0.0,Baja,0,0,Manufactura,0
34122.30921117686,2438.406973603188,14.0,13.0,0.0,0.0,Media,0,0,Servicios,1
18528.173070770492,2351.838384799952,6.0,3.0,0.0,0.0,Media,0,0,Servicios,1
31730.540853364106,13954.171735507089,3.0,16.0,0.0,1.0,Baja,0,1,Comercio,1
10266.945797102531,2763.323356093236,4.0,6.0,0.0,0.0,Media,1,1,Servicios,0
26724.27810740035,2949.7125477664144,10.0,14.0,0.0,1.0,Alta,0,0,Servicios,0
27637.16839710592,4106.606338752984,6.0,20.0,0.0,0.0,Media,0,0,Manufactura,0
35832.50671041953,2285.9272473436386,15.0,8.0,1.0,0.0,Alta,0,0,Servicios,0
26772.06150463869,4560.960914101058,4.0,7.0,1.0,1.0,Media,1,1,Comercio,1
18435.009854206335,1208.8359743677083,10.0,9.0,0.0,0.0,Media,0,0,Servicios,1
26843.902269500737,4620.088203196799,5.0,7.0,0.0,0.0,Baja,1,0,Manufactura,0
23673.4496462628,3853.855958072427,7.0,14.0,0.0,1.0,Media,0,1,Comercio,0
21360.276960571104,1814.2343624554944,10.0,0.0,1.0,0.0,Baja,0,1,Servicios,1
8773.76279404944,1133.4941145311088,6.0,3.0,0.0,0.0,Alta,0,0,Manufactura,1
15085.465390035508,1538.2090241599324,8.0,3.0,0.0,0.0,Media,0,1,Servicios,1
40128.26684891008,1989.4806628780336,18.0,15.0,0.0,0.0,Alta,0,0,Servicios,0
16696.47210425954,1793.1773222186582,16.0,8.0,0.0,0.0,Media,0,1,Comercio,1
29073.051476448712,2683.03301726444,14.0,9.0,0.0,0.0,Alta,0,1,Servicios,0
30360.847222883185,1694.2583928548825,24.0,16.0,1.0,1.0,Alta,0,1,Servicios,0
10899.695390948067,4245.596996812305,2.0,3.0,0.0,0.0,Media,0,0,Servicios,1
79649.68290208223,4313.989666864744,14.0,15.0,1.0,0.0,Media,1,0,Servicios,1
15879.32331437781,2463.0977321193177,9.0,12.0,0.0,0.0,Media,0,0,Servicios,1
37082.43484529327,2695.109424137517,12.0,10.0,1.0,0.0,Media,0,0,Comercio,0
31100.116880179783,2538.484512975111,11.0,0.0,0.0,1.0,Baja,0,1,Manufactura,1
15534.424840424188,1626.0968267944509,9.0,13.0,1.0,0.0,Baja,0,0,Comercio,1
15575.70592904624,832.8376389923403,20.0,5.0,0.0,1.0,Media,0,1,Servicios,1
24912.856357889537,1687.8106218979317,12.0,12.0,0.0,0.0,Media,0,0,Comercio,1
16994.656971223973,2521.544360530846,8.0,17.0,1.0,0.0,Alta,0,0,Servicios,1
15782.39179579416,1921.6541330773264,7.0,8.0,0.0,0.0,Media,1,0,Manufactura,1
30791.345461735644,3701.444071626711,8.0,15.0,0.0,1.0,Media,0,0,Servicios,1
61113.04344908024,5581.56654950258,13.0,19.0,1.0,0.0,Baja,0,1,Tecnologia,1
38399.23240868902,2775.394680670063,12.0,19.0,1.0,0.0,Media,0,1,Comercio,0
44979.61259502322,1490.003225321819,35.0,13.0,1.0,1.0,Media,0,0,Tecnologia,0
31480.61523007518,1494.40080724581,17.0,9.0,1.0,1.0,Media,0,1,Comercio,0
27867.897540955903,3163.9962129815904,8.0,0.0,0.0,0.0,Baja,0,0,Servicios,0
30272.230763560732,1656.3956104495755,21.0,8.0,0.0,1.0,Media,0,1,Comercio,0
25711.22375777463,5370.973555485073,8.0,4.0,0.0,0.0,Baja,1,1,Servicios,1
48802.81153992272,18925.813090757103,3.0,22.0,0.0,0.0,Baja,1,1,Servicios,1
13762.433513487686,3097.7148650391055,5.0,8.0,0.0,1.0,Baja,0,0,Manufactura,1
15854.561456261392,6034.815939284663,3.0,10.0,0.0,0.0,Baja,0,0,Servicios,0
29937.546741888877,2861.581163083081,8.0,12.0,0.0,0.0,Media,0,0,Servicios,0
28771.544104866312,2961.5149311018613,10.0,9.0,1.0,0.0,Baja,1,1,Comercio,0
65879.54356543948,2421.8930560304266,27.0,19.0,0.0,1.0,Alta,0,0,Manufactura,1
15631.061299971509,1411.6363012910797,12.0,5.0,0.0,1.0,Media,0,1,Servicios,0
22383.18894820206,2560.525778163989,9.0,10.0,0.0,1.0,Baja,0,1,Servicios,1
52733.46723398391,3624.0294081516886,16.0,5.0,1.0,1.0,Baja,0,0,Servicios,1
38547.14608215703,1772.4029095394555,16.0,9.0,0.0,0.0,Alta,0,0,Comercio,1
48642.429065314594,3443.4445379332738,20.0,5.0,0.0,0.0,Baja,0,0,Servicios,1
20929.51099628418,1888.826255908519,12.0,1.0,0.0,1.0,Media,0,0,Tecnologia,0
31451.610736083305,3910.942511889246,8.0,9.0,0.0,0.0,Baja,1,1,Servicios,0
18911.866789529053,2025.406083385806,15.0,0.0,0.0,0.0,Media,0,0,Comercio,0
67297.001960033,1227.948999553514,39.0,14.0,0.0,0.0,Media,1,1,Servicios,1
31474.29353199398,2168.2317478927803,11.0,9.0,1.0,0.0,Baja,0,0,Comercio,0
16799.01265577327,2148.1162971073995,12.0,0.0,1.0,1.0,Baja,0,1,Comercio,0
12100.848667481148,1530.086516111736,8.0,7.0,0.0,0.0,Media,0,1,Servicios,1
15338.788356521916,2406.0335905963957,6.0,4.0,0.0,0.0,Media,0,1,Servicios,1
21498.09619997088,995.5843566079444,16.0,11.0,0.0,1.0,Baja,0,1,Servicios,1
23793.660725292462,4435.249124172495,6.0,17.0,0.0,0.0,Media,0,0,Comercio,1
29257.37589553737,3352.3499705068066,10.0,0.0,1.0,0.0,Media,0,0,Manufactura,0
28087.632301692396,2086.130874349372,13.0,8.0,1.0,1.0,Baja,0,1,Comercio,1
45604.91501942883,3494.638330753455,12.0,13.0,0.0,1.0,Alta,1,1,Servicios,0
20685.117049185603,2233.7722514905854,7.0,4.0,0.0,0.0,Baja,1,0,Servicios,0
34653.73877643164,5923.638922788185,8.0,7.0,1.0,1.0,Media,0,1,Servicios,1
34686.39220979099,3959.477306867835,8.0,15.0,1.0,0.0,Alta,1,0,Comercio,1
21410.483547857388,1560.2197116036532,13.0,9.0,0.0,0.0,Baja,0,0,Comercio,0
36540.25670732198,2207.1902278054827,16.0,20.0,0.0,0.0,Media,0,1,Tecnologia,1
83339.08480933201,4387.883296094823,17.0,5.0,1.0,1.0,Alta,1,1,Comercio,0
21701.727870935585,2498.4227130419795,13.0,0.0,1.0,0.0,Alta,0,0,Comercio,1
24661.376066152345,1007.9370026488352,31.0,0.0,1.0,0.0,Alta,0,0,Servicios,1
29011.839854165733,6108.053981213279,6.0,11.0,0.0,0.0,Baja,0,0,Servicios,0
11336.233948467328,2486.9265495965506,5.0,12.0,0.0,0.0,Alta,0,0,Servicios,1
4616.26687068951,1163.7438918399118,3.0,0.0,0.0,0.0,Alta,0,0,Servicios,0
74291.15307359674,3063.5221020574186,24.0,14.0,1.0,0.0,Baja,0,1,Manufactura,1
54362.65387251706,4619.328379904235,15.0,6.0,0.0,1.0,Media,0,1,Servicios,1
26664.854169531605,1946.8158192553012,10.0,10.0,0.0,0.0,Media,0,0,Servicios,1
27844.79694466289,2720.6689201555128,12.0,19.0,0.0,0.0,Media,0,0,Comercio,1
97003.13054688736,2941.72839323101,43.0,7.0,0.0,0.0,Baja,1,0,Comercio,1
11881.393842907511,1538.158074388687,11.0,4.0,0.0,0.0,Media,0,0,Comercio,0
18537.5219578116,1779.773851980238,11.0,0.0,0.0,1.0,Media,0,0,Servicios,0
23540.608856774405,1999.0253811486507,15.0,5.0,0.0,0.0,Baja,0,1,Servicios,1
16759.63630692184,1077.410776682554,13.0,8.0,0.0,1.0,Alta,0,1,Servicios,1
31318.146395358937,6147.437023925218,6.0,8.0,0.0,0.0,Baja,0,1,Tecnologia,1
38245.92444903819,3163.140743878273,13.0,9.0,1.0,0.0,Media,0,1,Servicios,1
30509.344198533407,1212.0272138145313,22.0,5.0,1.0,0.0,Alta,0,1,Servicios,0
47852.2587348648,1756.384446145591,26.0,10.0,0.0,1.0,Baja,0,1,Comercio,0
20120.33407300805,2943.755980592184,7.0,12.0,0.0,0.0,Baja,1,1,Servicios,1
18359.86152447092,2365.5359909642984,6.0,2.0,1.0,1.0,Alta,0,0,Servicios,1
19922.863764540067,2342.8693912118906,9.0,17.0,0.0,0.0,Alta,0,0,Manufactura,0
40607.92402913174,2776.6991750295556,19.0,9.0,1.0,0.0,Media,0,0,Comercio,1
19550.83945043839,4945.030854907447,4.0,13.0,0.0,1.0,Baja,0,0,Servicios,1
39334.40678361686,1381.2661460864,25.0,10.0,1.0,0.0,Media,0,0,Servicios,1
65620.3900265652,5918.413900704682,9.0,15.0,0.0,0.0,Baja,0,0,Servicios,0
37565.789559159326,4428.263341646196,8.0,11.0,1.0,0.0,Baja,0,1,Manufactura,0
16984.718799757615,4034.736762014715,5.0,5.0,0.0,1.0,Alta,0,0,Tecnologia,0
14208.105313419044,4073.2979646257822,4.0,11.0,0.0,0.0,Baja,0,1,Comercio,1
24254.09504151832,1270.756333960072,16.0,2.0,0.0,1.0,Media,0,0,Servicios,1
19400.656646467847,1570.2139784843969,10.0,10.0,0.0,0.0,Alta,0,0,Manufactura,1
18214.218481937947,4293.015022315216,5.0,9.0,0.0,0.0,Baja,0,1,Comercio,1
5438.80837778072,908.041882887422,5.0,8.0,0.0,0.0,Alta,0,0,Comercio,0
11420.750043907648,1449.136384375439,8.0,8.0,0.0,1.0,Alta,0,1,Servicios,1
27090.01812159292,3254.231926818215,9.0,6.0,0.0,1.0,Baja,0,0,Comercio,1
19176.584382573583,5941.509453118826,4.0,10.0,1.0,0.0,Media,1,0,Manufactura,0
44523.13542659941,3607.603277278599,9.0,10.0,0.0,1.0,Media,0,1,Manufactura,1
12132.39761192334,940.492118972533,8.0,3.0,0.0,1.0,Media,0,1,Servicios,1
8580.657698716861,3722.8948999519994,2.0,17.0,0.0,0.0,Media,0,0,Comercio,1
40250.37136991931,6314.927274134276,10.0,4.0,0.0,1.0,Alta,1,0,Manufactura,0
43144.64404834182,7947.657518497135,9.0,15.0,1.0,1.0,Baja,0,0,Servicios,1
38201.06604766784,4025.3324551784904,15.0,12.0,0.0,1.0,Media,0,1,Servicios,0
112042.03502756575,3558.828401608568,30.0,5.0,1.0,1.0,Baja,0,1,Servicios,0
26947.76912134988,862.9827913894334,20.0,20.0,0.0,0.0,Media,0,1,Comercio,1
15830.812834896786,1101.592547481405,8.0,2.0,1.0,0.0,Alta,0,0,Servicios,0
21809.878596149578,3741.234214806381,5.0,15.0,0.0,1.0,Media,1,1,Comercio,1
42832.52420992381,867.3017844649812,47.0,15.0,1.0,0.0,Baja,1,0,Servicios,0
22930.049136120575,3174.085302104564,10.0,5.0,0.0,1.0,Media,0,1,Manufactura,1
49672.8688989146,6170.77944742038,10.0,17.0,0.0,1.0,Media,1,1,Servicios,1
29556.19778246364,3128.518711579508,10.0,7.0,0.0,1.0,Media,0,1,Servicios,1
32577.520251813796,2370.891446416384,11.0,11.0,0.0,1.0,Media,0,0,Comercio,1
22314.537657170094,1949.979602068635,9.0,11.0,1.0,0.0,Baja,0,0,Comercio,0
12064.93771173653,1836.6170306045651,7.0,8.0,0.0,0.0,Alta,0,0,Servicios,1
27999.231240624125,4761.342421283799,7.0,14.0,0.0,0.0,Alta,1,1,Servicios,0
25255.049598640417,2785.455298432966,10.0,14.0,1.0,0.0,Media,0,1,Servicios,1
11809.051131902814,1302.5275467557328,7.0,0.0,0.0,0.0,Alta,0,0,Comercio,0
30542.058691027218,5133.878751100074,7.0,17.0,1.0,0.0,Media,0,1,Manufactura,1
41623.330831395215,3538.7362379064916,9.0,15.0,0.0,1.0,Baja,0,1,Comercio,1
36556.43751528962,1201.8971085641815,25.0,16.0,1.0,0.0,Media,1,0,Manufactura,0
5911.135065362156,3510.6973202867307,2.0,2.0,0.0,0.0,Media,0,0,Servicios,1
28383.270190183794,2010.863599858277,21.0,2.0,0.0,0.0,Media,0,1,Manufactura,1
7533.776891277947,2846.4326986876836,3.0,8.0,0.0,0.0,Alta,0,0,Servicios,0
33858.42965180051,3747.4989065886393,8.0,7.0,1.0,0.0,Media,0,0,Servicios,1
14038.38913818763,3565.6527807453563,4.0,17.0,0.0,0.0,Alta,0,1,Servicios,1
32182.902306643093,4470.848804389869,6.0,17.0,0.0,1.0,Baja,0,0,Manufactura,0
13255.655358273569,2110.3194178215017,5.0,6.0,1.0,0.0,Media,0,1,Comercio,0
19032.204532836706,1382.9757247610282,17.0,0.0,0.0,0.0,Media,0,0,Manufactura,1
33256.26743366662,1841.6578534172943,21.0,4.0,0.0,0.0,Media,0,0,Comercio,1
83848.36691234009,8164.449761530179,15.0,15.0,1.0,1.0,Baja,0,1,Comercio,1
14844.939130166857,2592.9021935074534,5.0,19.0,0.0,1.0,Alta,1,1,Servicios,1
18760.812584773656,4073.195391341817,7.0,2.0,1.0,1.0,Media,0,1,Servicios,0
23213.825335102218,3604.340153558944,5.0,9.0,0.0,1.0,Media,0,0,Servicios,0
30421.36197290852,1306.1777660370508,15.0,11.0,0.0,1.0,Media,0,0,Servicios,1
18421.742771939964,1830.9926172258504,9.0,4.0,1.0,1.0,Alta,0,0,Manufactura,0
32501.809878960845,3582.0084064008865,8.0,12.0,0.0,0.0,Media,1,0,Comercio,1
48395.68728900153,3679.750029527042,15.0,6.0,1.0,0.0,Media,0,0,Servicios,1
19847.81807282363,1622.7422389555054,13.0,9.0,1.0,0.0,Media,0,1,Comercio,1
19992.32523014033,1854.589869453103,8.0,12.0,1.0,1.0,Alta,0,0,Manufactura,1
42417.961824107784,1922.5608382865053,20.0,9.0,1.0,0.0,Media,0,0,Servicios,1
19806.07385065691,3609.918634197737,5.0,6.0,1.0,0.0,Media,0,1,Servicios,0
49948.783567427054,2288.611405349712,14.0,8.0,1.0,1.0,Baja,1,1,Tecnologia,0
33229.07243907989,1857.313627130932,14.0,8.0,0.0,1.0,Alta,0,1,Servicios,1
19849.33342886818,2046.284023533572,8.0,7.0,0.0,1.0,Baja,0,0,Servicios,1
9962.46078597924,1188.0623623379013,12.0,7.0,0.0,0.0,Media,0,0,Comercio,1
26879.04680161885,5639.36697272475,5.0,19.0,1.0,1.0,Media,0,0,Manufactura,1
29373.133767892577,2038.897628414488,17.0,12.0,0.0,0.0,Media,0,0,Servicios,1
19113.986220167735,1392.7174888392874,19.0,7.0,1.0,0.0,Media,0,1,Tecnologia,0
16510.66420209104,1431.1954822227722,7.0,16.0,0.0,0.0,Media,0,0,Servicios,1
27649.70594286485,5794.977249126518,4.0,11.0,1.0,1.0,Alta,1,1,Comercio,0
22001.368955038033,6226.1098074733045,4.0,8.0,0.0,0.0,Baja,0,0,Manufactura,0
42664.70578675784,3580.175422254352,14.0,12.0,0.0,1.0,Alta,0,1,Servicios,1
10936.918579130805,1846.113275243927,5.0,0.0,0.0,0.0,Media,0,1,Tecnologia,1
24412.762959649903,779.9194545028164,29.0,2.0,1.0,0.0,Alta,0,0,Tecnologia,0
13524.850010532264,3882.856837197421,3.0,2.0,0.0,0.0,Media,0,0,Manufactura,1
44994.59770527337,1651.926913886004,28.0,10.0,0.0,0.0,Media,0,0,Servicios,1
40894.79282786568,5014.84292701622,11.0,19.0,1.0,1.0,Alta,0,1,Comercio,1
16605.67287069371,1521.5952020236805,9.0,22.0,1.0,0.0,Alta,1,0,Manufactura,0
21042.158317372898,3860.6012655346663,7.0,13.0,1.0,0.0,Media,0,1,Tecnologia,1
24516.225795426737,1551.1053412365288,13.0,12.0,0.0,0.0,Baja,0,0,Servicios,0
19329.133957257363,1563.8044354920996,10.0,0.0,0.0,0.0,Media,0,0,Manufactura,0
49227.62985966981,3179.31169039695,19.0,6.0,1.0,1.0,Media,0,1,Servicios,0
20935.20331603118,2396.527783470858,11.0,4.0,0.0,0.0,Media,0,0,Servicios,1
43151.522926737256,4853.37782880755,11.0,5.0,1.0,1.0,Baja,1,0,Comercio,0
22074.457016626005,1985.8166800502324,8.0,8.0,0.0,1.0,Alta,0,1,Manufactura,1
33752.48020025506,3004.1091391634795,10.0,6.0,0.0,1.0,Baja,0,0,Comercio,1
19775.49913163875,4995.486740478519,4.0,13.0,0.0,0.0,Baja,0,0,Tecnologia,1
11444.468274836723,2187.564709918821,4.0,3.0,0.0,1.0,Media,0,0,Servicios,0
49232.32209724492,3743.246464176687,11.0,21.0,1.0,0.0,Baja,0,0,Servicios,1
19419.60083407588,3379.3708159531607,9.0,3.0,0.0,0.0,Media,0,0,Servicios,1
19189.751634230055,2823.5688658850154,10.0,0.0,1.0,0.0,Alta,0,0,Comercio,0
80553.33560200296,7807.128494576152,12.0,7.0,1.0,1.0,Baja,1,1,Tecnologia,0
17345.720533393756,2938.161921707385,6.0,21.0,0.0,0.0,Media,0,0,Manufactura,1
9027.955093565608,2177.106038068002,6.0,12.0,0.0,0.0,Media,0,0,Servicios,0
19360.435357069025,1583.530553987424,13.0,6.0,1.0,0.0,Media,0,0,Comercio,1
44809.716106546366,1625.633759904655,18.0,25.0,1.0,0.0,Alta,0,1,Servicios,0
14410.517531019308,1085.7007002032008,13.0,0.0,0.0,0.0,Baja,0,0,Comercio,1
21476.960357665183,2198.8398835693893,12.0,11.0,0.0,1.0,Media,0,0,Servicios,0
42758.02163146196,3008.956729778877,18.0,12.0,1.0,1.0,Alta,1,1,Servicios,1
31583.046978378126,1326.9391367903088,27.0,16.0,0.0,0.0,Media,0,0,Comercio,1
61065.39757303019,2963.138022796953,18.0,10.0,1.0,1.0,Media,0,0,Comercio,1
17115.48367490627,3480.464810038821,3.0,11.0,0.0,0.0,Media,0,1,Manufactura,1
14396.99733080044,2544.102611081848,5.0,7.0,0.0,0.0,Media,1,1,Comercio,0
16004.195305310492,2118.8098247808134,7.0,11.0,1.0,0.0,Media,0,1,Comercio,0
14363.77965959741,1328.2900013019532,10.0,7.0,0.0,0.0,Media,0,0,Tecnologia,1
47121.862259459514,3928.7402201643586,14.0,13.0,0.0,0.0,Media,0,0,Manufactura,1
20000.05789096409,5476.108941708935,6.0,7.0,0.0,1.0,Media,0,0,Servicios,0
26832.375298986244,2515.8135230020744,11.0,11.0,1.0,1.0,Alta,1,1,Servicios,0
24272.870873975073,3249.9632852585673,7.0,16.0,1.0,0.0,Media,0,0,Comercio,1
20064.40292336056,5174.5329132143515,4.0,9.0,0.0,1.0,Media,1,1,Manufactura,1
19586.084466786167,2653.7836883736686,6.0,0.0,1.0,0.0,Media,0,1,Manufactura,0
14938.043073072377,3848.4345836050056,4.0,17.0,1.0,0.0,Baja,0,1,Comercio,0
15092.237234034028,2815.4557134120437,6.0,4.0,0.0,0.0,Media,0,1,Tecnologia,1
87612.677568455,2034.319978197196,48.0,17.0,1.0,0.0,Alta,0,1,Manufactura,1
40810.484930605584,4350.371739428654,11.0,28.0,1.0,1.0,Baja,0,1,Manufactura,0
13459.71902644605,1896.8379608090104,6.0,15.0,0.0,0.0,Baja,0,0,Tecnologia,1
13947.129540923,1511.7238367142595,7.0,9.0,0.0,0.0,Alta,0,0,Comercio,1
24163.319782839993,2448.133510282157,11.0,11.0,0.0,1.0,Baja,0,1,Comercio,1
29051.662406966505,2119.878835619916,9.0,13.0,1.0,0.0,Baja,0,0,Servicios,0
19917.64785170508,1122.3035853668289,20.0,12.0,1.0,0.0,Alta,0,0,Comercio,1
10081.763811378,1004.9281504524693,7.0,10.0,0.0,0.0,Baja,0,1,Manufactura,0
34766.82943900035,3600.3605809224823,10.0,8.0,1.0,1.0,Media,0,1,Comercio,1
43567.1476942026,1594.6149150485392,29.0,8.0,1.0,0.0,Alta,0,0,Servicios,1
21561.326486875696,3843.50761426884,7.0,8.0,1.0,0.0,Baja,0,0,Comercio,1
25252.80979874165,1314.1121199679824,30.0,16.0,0.0,0.0,Media,0,0,Manufactura,1
35735.88836690232,1693.7350476312963,15.0,13.0,0.0,0.0,Baja,0,1,Comercio,1
24315.218008888165,3428.3318328627897,7.0,0.0,0.0,0.0,Alta,1,0,Comercio,1
45081.067649260534,2804.7890957392833,15.0,13.0,1.0,1.0,Media,0,1,Manufactura,0
17202.767944220865,1065.171651674969,18.0,10.0,0.0,0.0,Media,0,1,Comercio,0
15414.299915798209,3528.47131788231,4.0,7.0,0.0,1.0,Baja,1,1,Manufactura,1
37742.302697147476,5633.869670224417,6.0,16.0,0.0,1.0,Baja,0,0,Servicios,1
25979.611030546024,2183.599688164979,9.0,15.0,0.0,0.0,Media,0,0,Tecnologia,1
10218.831074308486,1308.148141371271,10.0,4.0,0.0,0.0,Media,0,0,Servicios,1
21637.68143047251,1733.565068335173,14.0,11.0,0.0,0.0,Alta,1,1,Servicios,0
13720.1959671429,3173.9456875232586,4.0,1.0,1.0,0.0,Media,0,1,Servicios,1
38365.65850913181,2504.288156689764,13.0,5.0,1.0,1.0,Media,1,1,Comercio,1
38287.80963221242,2088.603086580593,14.0,14.0,1.0,1.0,Media,1,0,Manufactura,1
45148.70860383971,3527.656408153145,14.0,15.0,1.0,0.0,Alta,1,0,Manufactura,0
27908.55440877935,1132.6340821114763,19.0,12.0,0.0,0.0,Media,0,1,Tecnologia,1
15483.20949356542,1536.232857697578,16.0,13.0,0.0,0.0,Baja,0,1,Servicios,1
27379.270406956643,1518.8085363804737,13.0,12.0,1.0,0.0,Baja,0,0,Comercio,0
36034.957951870776,3858.6580142129046,10.0,5.0,1.0,0.0,Media,0,1,Servicios,1
12280.470871230857,4542.282242048643,4.0,12.0,0.0,1.0,Media,0,1,Comercio,0
53732.6592902428,4801.095300340236,13.0,14.0,0.0,1.0,Media,0,1,Manufactura,0
28775.727148024507,1882.3192551679624,12.0,16.0,0.0,1.0,Media,0,0,Comercio,0
16890.866567098437,2391.43314011395,5.0,13.0,0.0,0.0,Baja,0,0,Comercio,1
16640.046941218847,4034.518126503211,5.0,11.0,0.0,0.0,Baja,0,1,Comercio,1
44598.45419768901,3420.5352005093823,19.0,15.0,1.0,0.0,Media,0,1,Tecnologia,1
26503.92496278953,2374.99478860946,10.0,9.0,0.0,1.0,Baja,0,1,Servicios,1
27798.220975816505,1393.9709139757338,15.0,4.0,0.0,1.0,Media,0,0,Comercio,0
14218.220572599655,1112.65380489544,10.0,5.0,1.0,0.0,Media,0,1,Comercio,0
15007.76737013618,810.4074956509841,18.0,5.0,0.0,0.0,Media,0,0,Servicios,0
38702.98235986044,8246.487249903057,7.0,8.0,0.0,0.0,Baja,0,0,Comercio,1
34693.88317324307,3732.027099123477,11.0,4.0,0.0,0.0,Baja,1,0,Servicios,1
19117.193319789483,2162.179297182076,8.0,0.0,1.0,1.0,Media,0,0,Manufactura,1
45100.261458101246,4872.73349772202,8.0,10.0,1.0,1.0,Media,1,1,Comercio,1
23810.898764552163,3076.092226253948,11.0,9.0,0.0,0.0,Baja,0,0,Tecnologia,0
23170.8888157821,3480.483373153781,7.0,4.0,0.0,0.0,Media,1,0,Manufactura,1
36397.531623885065,1024.6266979258914,21.0,13.0,1.0,0.0,Media,1,0,Comercio,1
19079.02192844721,2687.0529136201676,6.0,15.0,0.0,0.0,Media,0,0,Servicios,1
14589.83106712678,1308.0614061268277,9.0,0.0,0.0,0.0,Media,1,0,Comercio,0
15717.17924551758,1713.85769153238,8.0,4.0,0.0,1.0,Baja,0,0,Servicios,0
66790.68616994617,3203.4792249031034,24.0,4.0,1.0,1.0,Baja,0,1,Manufactura,0
10122.347925678429,895.824417491783,11.0,3.0,0.0,0.0,Alta,0,0,Servicios,1
29066.001679390924,1500.6732384736447,19.0,14.0,0.0,0.0,Alta,0,0,Servicios,0
30600.174746139062,10623.618138630296,4.0,8.0,1.0,0.0,Baja,1,1,Comercio,1
13750.725428795744,962.780004793908,12.0,7.0,0.0,0.0,Media,0,0,Servicios,0
24651.413125804804,2310.9778898161003,17.0,0.0,0.0,1.0,Baja,0,0,Servicios,1
30175.43348600285,2551.333444167104,10.0,13.0,1.0,0.0,Baja,0,0,Comercio,1
16353.440801980529,2177.608538355256,7.0,9.0,0.0,0.0,Baja,0,0,Servicios,0
46989.359796702935,2107.03502158176,23.0,11.0,0.0,1.0,Media,0,0,Servicios,1
92550.29588965462,2585.7633928541286,40.0,17.0,0.0,0.0,Media,1,1,Comercio,0
14894.877611045476,2075.1524849235043,8.0,1.0,0.0,0.0,Baja,0,0,Comercio,1
11946.104581672662,1236.9941626865475,8.0,0.0,0.0,0.0,Baja,1,0,Comercio,1
45681.786735435744,1437.5167977986812,24.0,10.0,0.0,1.0,Alta,0,0,Comercio,1
140346.6030219188,10092.69110183196,26.0,20.0,1.0,1.0,Baja,0,1,Servicios,1
26086.201490648444,3301.907269770935,7.0,16.0,0.0,0.0,Media,0,0,Tecnologia,1
15799.940942018438,2352.23930496085,8.0,10.0,0.0,1.0,Media,0,1,Servicios,1
16699.11812964762,1396.548788566682,8.0,6.0,0.0,1.0,Media,0,1,Comercio,0
21713.894460942156,5061.965326246673,4.0,14.0,1.0,1.0,Media,1,1,Manufactura,1
23843.09662822236,3849.46974661231,6.0,3.0,0.0,1.0,Baja,0,1,Manufactura,0
14742.887869313565,3318.5456947084976,5.0,12.0,0.0,1.0,Baja,1,1,Servicios,0
15232.788269684996,1285.409343834497,6.0,12.0,0.0,0.0,Baja,0,1,Servicios,0
18907.693105288756,1970.9564688940084,10.0,15.0,0.0,1.0,Media,0,0,Comercio,1
30917.79840368318,2108.551843072574,11.0,26.0,0.0,0.0,Media,0,1,Servicios,1
77013.3073717666,3340.7282858067947,25.0,11.0,1.0,1.0,Baja,1,0,Manufactura,1
14119.8154975064,2179.4203644667086,5.0,6.0,0.0,0.0,Baja,0,1,Comercio,0
34865.88534253207,1564.0309359083908,18.0,9.0,0.0,1.0,Media,1,1,Comercio,0
18053.43303359763,1873.305247198835,9.0,0.0,0.0,1.0,Media,1,1,Servicios,1
26856.12981186181,2064.3731745449327,10.0,5.0,1.0,0.0,Alta,0,1,Comercio,1
23953.166788478873,1417.88557089521,15.0,7.0,0.0,1.0,Media,0,0,Comercio,0
10801.9565130668,1603.1098864392563,5.0,6.0,0.0,0.0,Media,0,1,Manufactura,1
55039.46905112072,2677.299337602615,13.0,10.0,0.0,1.0,Media,0,0,Servicios,0
20857.089965565403,2445.5937281855017,11.0,4.0,0.0,0.0,Alta,0,1,Servicios,1
45617.364841879134,3635.3724949602606,12.0,9.0,0.0,1.0,Media,0,1,Servicios,1
94873.51217822167,2602.773715739602,44.0,9.0,0.0,0.0,Baja,0,1,Comercio,1
20927.524853091825,2563.6168577754197,7.0,7.0,0.0,1.0,Baja,0,1,Manufactura,0
17073.485237003817,1984.4167955514329,7.0,10.0,0.0,0.0,Media,0,0,Servicios,0
14616.288867121142,2209.543550035729,7.0,14.0,0.0,0.0,Media,0,0,Manufactura,1
15126.075459856338,2857.6322942041297,7.0,4.0,0.0,0.0,Media,0,1,Servicios,1
19811.561375096902,2112.826680180289,7.0,5.0,1.0,0.0,Baja,0,0,Servicios,0
34378.1615297908,1655.5814757318738,20.0,7.0,1.0,0.0,Media,0,0,Servicios,0
23662.168952018492,3063.8341629675924,7.0,4.0,1.0,0.0,Media,0,0,Manufactura,0
16670.992493673544,2802.360042849034,6.0,6.0,0.0,0.0,Media,0,0,Servicios,1
26100.809599514392,1621.5148664998535,13.0,14.0,1.0,1.0,Media,0,1,Comercio,1
11421.232029838811,1455.4512273283667,7.0,11.0,0.0,1.0,Alta,0,1,Comercio,0
28083.13368869388,853.8560827374098,25.0,11.0,1.0,1.0,Alta,0,0,Servicios,0
36299.646904411675,1071.2693378630677,29.0,8.0,0.0,1.0,Media,0,1,Comercio,1
30799.267071505292,4988.909285817895,7.0,11.0,0.0,1.0,Media,0,0,Servicios,1
22731.715830046585,3847.187110549313,8.0,6.0,1.0,0.0,Media,0,1,Manufactura,1
26156.882397160593,1500.6648484750897,12.0,0.0,0.0,1.0,Baja,0,1,Comercio,0
17255.434763267705,1378.539104427247,12.0,8.0,0.0,0.0,Media,0,0,Comercio,0
44747.81686151994,3201.9985533896997,15.0,18.0,1.0,1.0,Alta,0,0,Comercio,1
33844.53772319798,999.755989875036,33.0,15.0,0.0,0.0,Media,0,0,Servicios,0
17456.735459733063,3297.7439841123587,6.0,16.0,0.0,1.0,Baja,0,1,Tecnologia,1
13602.809739833325,4971.96978487458,4.0,10.0,0.0,1.0,Media,0,0,Manufactura,0
26214.055590619173,4498.309719861207,6.0,10.0,1.0,0.0,Media,0,0,Manufactura,1
35797.58588879819,2766.3225850242097,10.0,5.0,0.0,1.0,Baja,0,0,Manufactura,1
58641.15177816885,1778.6578398295746,29.0,7.0,0.0,0.0,Media,0,0,Servicios,1
23175.11179848365,5153.35033372487,7.0,13.0,0.0,1.0,Baja,0,0,Servicios,1
41461.3635607654,4732.044534732906,11.0,16.0,0.0,0.0,Media,0,1,Servicios,1
33776.26395035234,1846.1994564087593,20.0,6.0,0.0,0.0,Alta,0,0,Servicios,0
49210.6952710249,926.9684167484008,45.0,9.0,0.0,0.0,Media,0,0,Comercio,0
15032.688540885509,2042.4991300978415,7.0,13.0,0.0,0.0,Baja,0,0,Comercio,1
27478.42914041579,3849.7586922778937,7.0,0.0,1.0,0.0,Baja,0,1,Manufactura,1
34534.710822227804,2085.314178197977,19.0,0.0,1.0,0.0,Media,0,1,Manufactura,1
42271.923813077316,4109.505267947148,15.0,6.0,0.0,1.0,Media,0,0,Tecnologia,1
17852.36785987856,894.2523562814006,14.0,6.0,0.0,0.0,Media,0,1,Servicios,0
45782.47346844533,6052.422124406641,8.0,8.0,1.0,0.0,Baja,1,1,Comercio,0
40432.70715529273,2159.2088412404,16.0,11.0,1.0,1.0,Baja,0,1,Servicios,0
107018.79490492363,15838.987227439677,14.0,11.0,1.0,1.0,Baja,1,1,Servicios,1
30462.010540213934,1165.057254677424,19.0,13.0,1.0,0.0,Baja,0,0,Comercio,0
19841.621469870053,756.7309087164996,20.0,2.0,0.0,0.0,Baja,0,1,Comercio,0
49094.90890325872,2262.9287818734624,23.0,15.0,0.0,0.0,Media,0,1,Comercio,0
29471.90042499355,3335.3840964165024,15.0,9.0,0.0,1.0,Baja,0,0,Comercio,1
59325.6957083719,5348.249116017121,9.0,13.0,1.0,1.0,Baja,0,0,Servicios,0
41062.183204634886,3492.9100606855727,11.0,3.0,1.0,0.0,Baja,0,1,Servicios,1
30514.154962008677,1902.162988366348,21.0,0.0,1.0,0.0,Alta,1,1,Servicios,0
12677.675192917248,2103.5314597476267,6.0,14.0,0.0,1.0,Alta,1,0,Servicios,1
25236.434335004873,3633.714637208855,8.0,4.0,1.0,0.0,Media,0,0,Manufactura,1
39315.28315826546,4208.71650178172,10.0,4.0,0.0,0.0,Baja,1,1,Comercio,1
51227.40189021697,3156.1781225689183,21.0,16.0,0.0,0.0,Media,0,0,Servicios,0
14227.800974646589,1786.3417529215164,11.0,2.0,0.0,0.0,Baja,0,1,Comercio,0
15291.94665589501,4112.228713880578,4.0,4.0,0.0,0.0,Media,0,0,Comercio,1
36241.559256559216,2389.6466968352433,16.0,13.0,0.0,1.0,Alta,0,0,Comercio,0
32385.473953483794,2439.864306228585,15.0,7.0,0.0,0.0,Baja,0,0,Comercio,1
11992.966910381052,1498.8928340059344,8.0,6.0,0.0,0.0,Alta,0,0,Comercio,0
16584.12192679344,2033.395863519307,11.0,8.0,0.0,0.0,Baja,0,1,Servicios,1
23904.216048913357,2910.070309993013,12.0,9.0,0.0,1.0,Media,0,0,Manufactura,0
82430.57962028554,2174.8761182395137,26.0,3.0,1.0,0.0,Baja,1,1,Servicios,1
33430.521989750574,3723.820008179872,9.0,13.0,0.0,1.0,Baja,0,1,Servicios,1
43068.792842119045,3021.3942973667263,12.0,6.0,0.0,0.0,Baja,0,1,Tecnologia,1
39067.3157803142,2581.7978765906087,14.0,8.0,0.0,0.0,Media,1,1,Tecnologia,1
5520.242476643021,815.7395429407054,8.0,0.0,0.0,0.0,Alta,0,0,Comercio,1
32753.93829879266,1068.4928940984146,19.0,23.0,1.0,0.0,Alta,0,0,Comercio,0
15452.66407178188,2428.0345738352926,5.0,14.0,0.0,0.0,Baja,1,0,Manufactura,0
14668.815428727714,1668.547497140846,11.0,9.0,0.0,0.0,Media,1,0,Tecnologia,0
17370.570856596678,1250.7716610213993,7.0,7.0,1.0,0.0,Media,1,0,Comercio,0
33470.352335183896,2251.9230868480654,20.0,9.0,0.0,1.0,Baja,0,0,Servicios,0
16411.108408028227,3257.930959273832,7.0,2.0,0.0,0.0,Media,0,0,Servicios,1
67663.69605985288,4952.825068225036,13.0,16.0,1.0,0.0,Media,0,1,Manufactura,1
44544.71774291597,1023.3132871932391,26.0,13.0,1.0,1.0,Media,0,1,Manufactura,1
39783.718006621864,4430.28227354219,10.0,13.0,1.0,1.0,Media,0,0,Comercio,0
24741.75071561468,4861.00526411479,7.0,12.0,1.0,0.0,Media,0,0,Servicios,1
40590.48424761259,1649.9201748978826,31.0,9.0,0.0,0.0,Media,0,0,Servicios,0
19080.280567615533,4041.791922146491,4.0,13.0,1.0,0.0,Baja,0,0,Servicios,1
24625.80188770095,8388.59236179197,3.0,13.0,0.0,1.0,Media,0,0,Manufactura,1
17049.686632251945,1984.575543170552,7.0,6.0,1.0,0.0,Baja,0,0,Servicios,0
33694.141099235516,1665.1091697547986,15.0,18.0,1.0,0.0,Media,0,0,Manufactura,0
29671.27156601922,1977.470559697207,12.0,2.0,0.0,0.0,Media,1,1,Servicios,1
11977.33012295144,1298.3563900979125,7.0,0.0,1.0,0.0,Media,0,1,Manufactura,0
24964.113493617,3439.8901581114023,5.0,10.0,1.0,0.0,Baja,0,0,Manufactura,1
35956.38680151444,2193.9354827353077,17.0,9.0,0.0,0.0,Media,0,1,Tecnologia,1
26016.388744432366,2318.805626116249,15.0,10.0,0.0,0.0,Baja,0,0,Servicios,0
40279.62082838929,921.4666648600148,30.0,8.0,0.0,0.0,Media,0,0,Servicios,0
40816.81587242627,10070.82241025106,5.0,18.0,1.0,1.0,Baja,1,1,Servicios,1
17001.078053898887,6477.974176285184,4.0,0.0,1.0,1.0,Media,0,0,Servicios,0
29554.676322476706,2622.212226714407,10.0,8.0,1.0,0.0,Media,0,0,Comercio,1
10422.704682882391,988.0668484703356,12.0,0.0,0.0,0.0,Alta,1,0,Manufactura,0
23037.70723820461,3839.6306545216353,9.0,8.0,1.0,0.0,Media,0,0,Servicios,1
13136.74405782506,961.3161032990212,12.0,19.0,0.0,0.0,Media,0,1,Comercio,0
47328.41053316926,6783.955934880476,5.0,9.0,1.0,1.0,Baja,0,0,Manufactura,1
50974.68274450688,2487.1311904549457,24.0,10.0,0.0,0.0,Baja,1,1,Manufactura,1
34945.03986370961,1842.0340465411628,19.0,5.0,0.0,0.0,Media,0,0,Comercio,1
31714.707958312018,2298.692727565048,12.0,7.0,0.0,1.0,Alta,1,0,Manufactura,0
20383.06017420945,2010.4317450954077,13.0,7.0,1.0,0.0,Media,0,0,Servicios,1
32228.638598492395,2626.907046714974,14.0,17.0,0.0,1.0,Media,0,0,Comercio,1
22251.68668211821,1412.4977272203312,13.0,12.0,0.0,0.0,Media,0,1,Servicios,1
14918.200942407308,1006.8286989236752,15.0,2.0,0.0,1.0,Media,0,1,Servicios,1
42741.479182409086,1385.6932026854606,22.0,10.0,1.0,1.0,Media,1,1,Servicios,0
18369.731183992582,1982.347219528373,11.0,12.0,0.0,0.0,Media,0,1,Servicios,0
27797.21100847199,1735.5547428026373,15.0,16.0,0.0,0.0,Media,0,0,Servicios,1
17011.430898341572,1695.0855956147202,9.0,18.0,0.0,0.0,Baja,1,0,Servicios,0
33105.82930338865,1368.1191688323934,24.0,3.0,0.0,0.0,Alta,0,0,Servicios,0
23622.54371714116,3408.827103147438,7.0,4.0,0.0,1.0,Baja,0,1,Manufactura,1
38246.301307858615,1649.518691384904,29.0,1.0,0.0,1.0,Baja,0,0,Servicios,0
11219.001283762253,2697.194619884212,4.0,12.0,0.0,1.0,Media,0,1,Servicios,0
32742.30488069896,3602.7222261209195,11.0,15.0,0.0,0.0,Media,1,0,Manufactura,0
21965.245249548578,3468.5464204940336,7.0,9.0,1.0,0.0,Media,0,1,Manufactura,1
20422.642087633787,2827.956887376438,7.0,10.0,0.0,0.0,Baja,0,0,Comercio,0
46284.3591707564,5575.08088211035,8.0,4.0,1.0,1.0,Media,0,0,Servicios,1
23674.461666964875,8953.996307912996,3.0,22.0,0.0,0.0,Media,1,0,Tecnologia,0
39007.751638924965,4448.483230472241,8.0,0.0,1.0,0.0,Media,1,1,Manufactura,1
9720.73047588411,4408.397700966725,2.0,10.0,0.0,1.0,Media,0,1,Manufactura,0
6863.851090306429,2807.1328767187183,4.0,21.0,0.0,0.0,Alta,0,0,Comercio,0
63058.331383018085,4984.8601117309,16.0,9.0,0.0,1.0,Baja,0,0,Servicios,1
93092.3742359944,4810.751857314762,16.0,8.0,1.0,1.0,Media,0,1,Manufactura,1
54039.14131304047,4794.620278915402,13.0,7.0,1.0,1.0,Media,0,1,Servicios,0
18596.345864149316,2050.8776086530092,10.0,17.0,0.0,0.0,Baja,0,1,Servicios,1
21287.034465162,2203.0624496502865,10.0,0.0,1.0,1.0,Media,0,1,Manufactura,1
8605.538696442987,2317.2445349850022,5.0,18.0,0.0,0.0,Alta,0,0,Servicios,1
31709.467654956148,1382.8471995245006,25.0,0.0,0.0,0.0,Baja,0,0,Servicios,1
20103.624781190516,2131.0957913281013,10.0,13.0,0.0,0.0,Media,0,0,Comercio,0
65963.56420037392,7159.754544128543,9.0,21.0,0.0,1.0,Media,0,0,Manufactura,1
34507.290189871674,4940.997385696967,7.0,1.0,0.0,0.0,Baja,0,0,Tecnologia,0
21153.88254589864,3653.596046960047,5.0,10.0,0.0,1.0,Alta,1,0,Manufactura,1
27074.20003380579,2804.84393578429,8.0,5.0,1.0,1.0,Media,1,1,Comercio,1
98784.09373113504,2653.814849223863,29.0,12.0,1.0,1.0,Baja,0,0,Manufactura,1
18311.600907454773,861.9903231432806,15.0,9.0,0.0,0.0,Media,0,0,Comercio,0
17657.193127098864,2024.4615289472592,7.0,5.0,1.0,1.0,Media,1,0,Comercio,0
68438.18391614864,3053.27899340093,23.0,20.0,0.0,1.0,Baja,0,0,Comercio,0
30276.694228497417,1664.193737378691,17.0,8.0,0.0,0.0,Baja,0,1,Manufactura,0
16661.229895148557,924.5700056805252,10.0,13.0,0.0,1.0,Media,0,0,Comercio,1
13512.340527096552,2861.4824262488337,7.0,1.0,1.0,1.0,Media,0,1,Servicios,0
23776.525471124896,2079.7934768690175,15.0,3.0,0.0,0.0,Media,0,0,Servicios,1
21005.228653443668,1806.2664779405377,13.0,12.0,1.0,0.0,Alta,0,0,Servicios,0
31080.066390423937,2945.345081712765,17.0,18.0,0.0,1.0,Alta,1,1,Comercio,0
37820.66409819473,1974.794598228406,15.0,11.0,0.0,0.0,Media,0,0,Servicios,1
67525.83278365222,5697.215425088574,19.0,7.0,1.0,1.0,Baja,0,1,Servicios,1
26850.582279738297,3013.414553214095,7.0,9.0,0.0,0.0,Media,0,1,Comercio,1
23402.113279156365,1547.2384941373375,11.0,13.0,0.0,1.0,Media,0,0,Manufactura,0
92835.00062388172,2662.1902679348036,35.0,14.0,1.0,1.0,Media,1,1,Comercio,0
25553.262218811917,4020.460562041498,7.0,6.0,0.0,1.0,Media,0,1,Manufactura,1
49828.67200448437,1712.0876407861233,28.0,6.0,0.0,0.0,Alta,0,0,Tecnologia,0
42697.10953128974,4639.957996375239,11.0,11.0,0.0,1.0,Baja,1,0,Manufactura,0
31211.161005381076,4570.484508698052,7.0,6.0,0.0,1.0,Media,0,0,Comercio,0
49251.695801588365,6174.512724542758,7.0,9.0,1.0,1.0,Baja,1,1,Servicios,1
42456.36510972089,4605.871829146972,8.0,22.0,0.0,1.0,Alta,0,1,Tecnologia,1
23633.68100381305,1433.5874639079934,14.0,7.0,0.0,0.0,Baja,0,0,Servicios,0
18079.30854943602,3246.926004086072,7.0,5.0,0.0,0.0,Media,0,0,Comercio,0
63410.50113454525,8608.261106628239,10.0,13.0,1.0,1.0,Media,0,1,Servicios,1
68544.45447603283,1254.5602354656723,36.0,8.0,0.0,0.0,Baja,0,0,Tecnologia,1
41894.19643094171,1986.1029337911336,28.0,5.0,1.0,1.0,Media,0,1,Comercio,0
42173.56119106372,5430.058078748772,13.0,17.0,0.0,0.0,Media,0,0,Comercio,1
13038.34447967985,1388.619986719666,10.0,18.0,0.0,1.0,Baja,0,1,Comercio,0
18937.826099063477,1999.7798038009737,11.0,5.0,1.0,1.0,Media,0,0,Comercio,1
23576.355162681702,2182.4286392077647,14.0,0.0,0.0,0.0,Alta,0,0,Servicios,1
17861.549928286044,3334.5637544582046,5.0,15.0,1.0,0.0,Media,0,1,Comercio,0
30283.296808141746,3521.6927841703264,9.0,5.0,1.0,0.0,Media,1,1,Comercio,0
17496.10361745079,3149.1543679626825,4.0,14.0,0.0,1.0,Media,0,1,Comercio,1
32575.394889791816,2594.1700661250015,13.0,0.0,0.0,1.0,Media,0,0,Manufactura,1
27498.39201832686,2076.3370937988907,15.0,14.0,1.0,0.0,Baja,0,1,Servicios,0
26618.5329084828,4326.410895271272,7.0,2.0,0.0,1.0,Baja,0,0,Servicios,1
39134.32981636267,1964.5431508233405,26.0,13.0,0.0,0.0,Alta,0,0,Servicios,0
20224.710330010916,3332.6463347224926,5.0,9.0,0.0,0.0,Alta,0,0,Servicios,1
27554.87789437901,6029.918685734784,4.0,3.0,0.0,1.0,Media,0,1,Manufactura,0
40462.58959923698,5908.3074169379115,11.0,7.0,1.0,0.0,Baja,1,1,Manufactura,0
33776.535717383114,1712.142104537532,19.0,13.0,0.0,0.0,Baja,0,0,Servicios,0
19724.210471814473,767.98768584203,27.0,10.0,0.0,0.0,Media,0,0,Comercio,1
38873.731726567894,1666.056671757976,19.0,21.0,0.0,0.0,Baja,0,1,Servicios,1
22616.935054383033,3393.9559029627685,10.0,0.0,0.0,0.0,Alta,0,0,Servicios,1
30169.03685508706,2937.8152663222727,9.0,19.0,1.0,1.0,Media,0,1,Tecnologia,0
26328.926317789486,1168.3978714791094,17.0,10.0,0.0,0.0,Alta,0,0,Comercio,0
26805.334529373624,1596.5828823924965,15.0,4.0,1.0,0.0,Alta,0,1,Tecnologia,0
14489.53598305848,2196.1500959491696,4.0,1.0,1.0,0.0,Media,0,1,Servicios,1
33239.512834964415,1176.876173190781,24.0,8.0,0.0,0.0,Media,0,1,Comercio,1
37836.32414504199,1291.4210897909302,23.0,15.0,0.0,1.0,Media,0,1,Servicios,1
15329.43033591336,2555.4326418934447,7.0,8.0,0.0,1.0,Media,0,0,Servicios,0
15503.27334658496,1007.77836343529,13.0,18.0,0.0,0.0,Media,1,0,Comercio,0
37223.57435340661,3574.923960661275,13.0,0.0,1.0,1.0,Media,1,1,Servicios,1
19239.74163224029,2274.345605177416,12.0,9.0,1.0,0.0,Alta,0,0,Servicios,0
12595.558132901122,2187.4312445355085,7.0,1.0,0.0,0.0,Media,0,0,Servicios,1
20901.96431354373,2829.460109926564,7.0,11.0,0.0,0.0,Media,0,0,Servicios,1
39789.708742038485,4121.848944855011,10.0,14.0,1.0,0.0,Alta,1,1,Comercio,1
44522.74304999429,1520.4732419674954,20.0,6.0,1.0,0.0,Baja,0,1,Comercio,1
42100.83811801019,2908.2905698501468,14.0,0.0,0.0,1.0,Baja,0,1,Servicios,1
19730.485217153226,1988.9637090868744,8.0,10.0,0.0,0.0,Media,0,1,Servicios,0
38215.54590983488,2841.2249138045436,16.0,12.0,0.0,1.0,Media,1,1,Servicios,1
8520.557558046248,8105.336699625649,2.0,11.0,1.0,0.0,Alta,0,0,Comercio,0
46722.21953837448,2647.0425027666383,20.0,16.0,0.0,0.0,Media,1,1,Servicios,1
16647.400220505308,2529.8870638882163,4.0,3.0,0.0,1.0,Media,0,0,Manufactura,0
27770.20673995252,3171.5316961724093,8.0,13.0,0.0,0.0,Media,0,0,Servicios,0
13848.776325986915,2830.910299960243,5.0,0.0,0.0,1.0,Media,0,0,Manufactura,1
26938.98436206597,3580.3331840534925,8.0,6.0,0.0,1.0,Baja,0,1,Servicios,0
54530.82237336993,3330.872330922555,12.0,9.0,0.0,1.0,Media,1,1,Manufactura,1
34734.257059599346,2742.62135356827,10.0,11.0,0.0,1.0,Media,0,1,Comercio,1
42071.43516734382,3803.299820594927,13.0,6.0,0.0,1.0,Baja,1,1,Manufactura,1
11730.346392502468,909.9899640877863,10.0,5.0,0.0,0.0,Baja,0,1,Comercio,0
11024.110054641022,2522.3718932995566,5.0,9.0,0.0,0.0,Alta,1,1,Comercio,1
31284.034563578272,1234.134837325537,18.0,2.0,0.0,0.0,Media,0,1,Tecnologia,1
25071.118386867445,5567.871495388154,7.0,2.0,0.0,0.0,Baja,1,0,Servicios,1
16558.470641974513,3411.1038562884,4.0,13.0,0.0,1.0,Baja,1,0,Comercio,1
16482.803121874713,1948.304325744428,8.0,2.0,0.0,1.0,Media,0,0,Comercio,0
72177.35412134511,3135.8611716820265,25.0,13.0,1.0,1.0,Media,0,1,Servicios,1
28147.745404743982,3646.898964713795,8.0,0.0,0.0,1.0,Baja,0,1,Servicios,0
15936.02606676925,2300.1629678387753,8.0,5.0,0.0,0.0,Alta,1,1,Comercio,1
42900.47198928186,6818.193774983483,8.0,16.0,1.0,1.0,Media,0,1,Comercio,0
28232.443098342068,983.1417956745732,35.0,3.0,0.0,0.0,Media,0,1,Comercio,1
17679.52752753658,1302.7864059582655,13.0,6.0,1.0,0.0,Media,0,1,Servicios,0
26826.180791264112,1989.2765001965784,13.0,12.0,1.0,0.0,Media,0,0,Comercio,1
20759.394687790005,2193.644942279321,12.0,7.0,0.0,1.0,Alta,0,1,Servicios,1
26129.528229237894,2305.702801928219,9.0,5.0,1.0,1.0,Media,0,1,Comercio,1
26037.93009004402,2966.33382559582,9.0,18.0,0.0,1.0,Alta,0,1,Manufactura,0
22492.329537165653,2068.458127820316,10.0,19.0,0.0,0.0,Alta,0,0,Manufactura,1
16247.64188008372,1570.7121758498592,10.0,15.0,0.0,0.0,Alta,0,0,Comercio,0
21953.778776446103,1076.2849907906284,15.0,10.0,0.0,1.0,Baja,0,0,Manufactura,1
29969.53682718094,2703.6846424598066,10.0,4.0,1.0,1.0,Media,0,0,Servicios,0
38501.20980189864,4449.864500776273,10.0,12.0,1.0,0.0,Alta,0,0,Servicios,0
22381.602680998705,1200.650949323095,10.0,12.0,0.0,1.0,Baja,0,1,Servicios,1
7299.48103593148,3298.1834232977476,3.0,17.0,0.0,0.0,Media,0,0,Servicios,1
39341.233240812086,3038.813664786269,17.0,13.0,0.0,0.0,Media,0,1,Manufactura,1
21949.28582122728,1458.894169266043,18.0,15.0,0.0,0.0,Media,0,0,Servicios,1
6521.271325692448,2630.232807593783,2.0,3.0,1.0,1.0,Alta,0,0,Servicios,0
98225.80814594636,2495.1703473211087,35.0,7.0,1.0,1.0,Media,0,0,Manufactura,0
40109.1769149458,6481.922650683246,9.0,11.0,0.0,0.0,Alta,1,1,Manufactura,1
14115.699333988578,694.1384218778567,19.0,21.0,0.0,0.0,Baja,0,0,Comercio,0
16968.087412423567,2126.4704529537316,5.0,28.0,0.0,0.0,Media,0,0,Comercio,1
45066.51685890221,3168.4940613063454,14.0,13.0,0.0,0.0,Media,0,0,Comercio,1
17465.426304434557,3366.6065558459914,7.0,12.0,0.0,1.0,Media,0,0,Manufactura,0
41738.90647801448,1351.2506945088255,31.0,14.0,1.0,0.0,Media,0,1,Servicios,0
12211.188008045912,1221.0759864408171,9.0,7.0,0.0,0.0,Media,0,0,Comercio,1
14618.266369623832,1725.7135746848105,11.0,20.0,0.0,0.0,Media,0,1,Servicios,1
50417.62148545131,3056.666553835054,17.0,10.0,1.0,0.0,Media,0,1,Comercio,1
28204.693115683174,3422.4015217032797,11.0,13.0,0.0,0.0,Baja,0,0,Comercio,1
34099.05564076849,2982.549529113031,12.0,12.0,0.0,1.0,Media,0,0,Servicios,0
31975.678918601727,761.8827956721243,42.0,14.0,0.0,0.0,Baja,0,1,Comercio,1
26778.335403874436,2799.6241751383864,10.0,5.0,1.0,0.0,Baja,1,1,Servicios,1
38534.58286505855,2680.4742255090464,11.0,6.0,0.0,1.0,Media,0,0,Servicios,1
49521.63147197408,2284.2943318850594,19.0,2.0,1.0,1.0,Media,0,0,Servicios,1
40441.13556761189,2130.388048146781,19.0,12.0,0.0,1.0,Media,1,1,Manufactura,1
48887.376454624864,2328.259553323784,20.0,14.0,0.0,1.0,Media,0,0,Comercio,0
18613.383624073915,3930.6091835144657,5.0,19.0,0.0,0.0,Media,0,1,Comercio,1
30021.11963638555,1376.83892350955,27.0,9.0,0.0,0.0,Media,1,1,Comercio,1
20025.47840143742,4014.5140605917873,5.0,13.0,0.0,1.0,Media,1,1,Comercio,1
23085.44259095096,2505.197814177639,12.0,2.0,0.0,1.0,Media,0,0,Servicios,0
14621.413215203478,2691.529401280356,6.0,7.0,0.0,0.0,Media,0,1,Servicios,1
38618.14074042239,3874.7926891200527,10.0,13.0,1.0,0.0,Baja,0,1,Comercio,0
16937.76830810602,1406.801260406137,12.0,14.0,0.0,1.0,Media,0,0,Comercio,1
27358.606004409303,2388.8467399446613,13.0,9.0,1.0,0.0,Alta,0,0,Manufactura,0
26388.13434500664,1004.7781097665868,26.0,0.0,0.0,1.0,Alta,0,1,Servicios,1
25286.21124701276,1715.6840939013236,13.0,7.0,1.0,1.0,Media,0,0,Servicios,0
42289.008469896275,1718.757147327011,18.0,12.0,0.0,1.0,Baja,0,1,Servicios,1
26270.064862784275,6793.198204480788,5.0,9.0,0.0,1.0,Media,1,0,Manufactura,0
34736.44688431025,2684.817844691166,14.0,9.0,1.0,1.0,Media,0,1,Servicios,0
24551.1105842641,1617.2742296725603,15.0,5.0,0.0,0.0,Media,0,1,Manufactura,1
20426.044372394408,928.829672786048,23.0,12.0,0.0,0.0,Alta,0,0,Manufactura,1
36321.241984657085,2762.1587639539316,9.0,12.0,0.0,0.0,Baja,1,0,Servicios,1
16478.258918038555,1372.770727872508,11.0,6.0,1.0,1.0,Alta,0,1,Servicios,1
12874.387391361575,2142.8692466262423,9.0,0.0,0.0,1.0,Alta,0,1,Comercio,1
20382.101221998193,1728.4775600170112,10.0,16.0,1.0,0.0,Media,0,0,Servicios,1
20892.543322900303,3858.8883529722975,5.0,6.0,1.0,0.0,Media,0,0,Servicios,0
14680.821631938425,3205.4177950637504,4.0,4.0,0.0,1.0,Media,0,0,Servicios,1
36387.62927195264,1369.40798384008,26.0,13.0,0.0,0.0,Media,0,0,Servicios,1
8343.591535962581,2921.829110516991,3.0,13.0,0.0,0.0,Media,0,0,Servicios,0
26686.20657233594,4625.680886642053,7.0,13.0,0.0,0.0,Media,1,1,Servicios,1
8661.002965339165,1331.9677068875517,5.0,1.0,0.0,0.0,Media,0,0,Comercio,1
118912.17904411192,4044.9259456288814,27.0,16.0,1.0,0.0,Media,1,0,Tecnologia,1
19751.570401597022,1037.1023125055729,18.0,11.0,0.0,1.0,Media,0,1,Servicios,1
19485.20827221165,3119.4515653972085,7.0,7.0,1.0,0.0,Baja,0,0,Servicios,1
31481.107304029705,2198.838553958122,18.0,0.0,0.0,1.0,Baja,0,1,Manufactura,1
18699.76030775427,3144.557126522697,8.0,11.0,0.0,1.0,Baja,0,1,Manufactura,1
10882.50579198572,4249.457208804844,2.0,3.0,0.0,0.0,Baja,0,0,Comercio,1
9824.516873741566,2150.2922114298744,4.0,0.0,0.0,1.0,Baja,0,1,Comercio,0
49378.04314351723,1746.6717141722338,43.0,18.0,0.0,1.0,Alta,0,0,Comercio,1
28623.43396102661,906.7155783433276,23.0,6.0,1.0,1.0,Media,0,0,Tecnologia,1
36762.22220139148,2050.329836619003,14.0,0.0,0.0,1.0,Media,0,0,Servicios,0
32836.71169277158,1975.5338899263395,14.0,2.0,0.0,1.0,Media,0,1,Servicios,1
23375.440899412748,1112.9901976213,17.0,16.0,0.0,1.0,Media,0,0,Comercio,0
20043.81002609626,1171.58434455014,16.0,8.0,1.0,0.0,Media,0,0,Comercio,0
41958.55503782819,2928.7659177082674,12.0,6.0,0.0,1.0,Baja,0,0,Manufactura,1
20338.628584300695,1506.503334204136,11.0,10.0,1.0,0.0,Alta,0,0,Servicios,0
14775.86172246892,1973.932588486856,10.0,12.0,1.0,0.0,Media,0,0,Servicios,1
18780.546562238495,2976.3691740319587,8.0,18.0,0.0,0.0,Media,0,1,Servicios,1
31402.44262913557,8949.440876193803,4.0,7.0,1.0,0.0,Media,0,0,Manufactura,1
23432.37838128418,2664.6692645586827,9.0,1.0,0.0,1.0,Alta,0,0,Comercio,0
11919.097699593947,1754.3963199976265,6.0,7.0,0.0,0.0,Media,0,1,Manufactura,1
27863.81466480014,4391.195849193726,5.0,11.0,1.0,0.0,Media,0,0,Comercio,1
18189.22020773745,589.7404867937411,23.0,3.0,1.0,1.0,Alta,0,1,Servicios,0
32179.829066368507,1476.4584093542053,17.0,11.0,0.0,1.0,Media,0,1,Manufactura,1
20259.19366111301,6756.754366159931,4.0,9.0,1.0,0.0,Baja,0,1,Servicios,0
15839.985582649051,4245.842493819076,6.0,9.0,0.0,1.0,Baja,0,0,Comercio,0
23016.681605602847,1410.820241600064,18.0,4.0,0.0,0.0,Media,0,0,Servicios,1
24452.767965186915,5374.138260695048,6.0,8.0,0.0,1.0,Alta,0,1,Comercio,1
35161.06685669739,3673.89629096869,9.0,3.0,1.0,0.0,Baja,1,1,Servicios,1
17090.41743769367,873.7526491889257,14.0,14.0,0.0,0.0,Media,0,0,Servicios,0
32079.13812731378,6230.7041475938195,6.0,15.0,0.0,1.0,Baja,0,0,Tecnologia,0
21075.891974990373,2209.037465877579,11.0,0.0,0.0,0.0,Media,1,1,Servicios,0
8925.156766138645,2271.6278060850923,4.0,3.0,1.0,0.0,Media,1,0,Manufactura,1
21452.9269103416,2884.515866136034,7.0,0.0,0.0,1.0,Alta,0,1,Tecnologia,1
36970.00526355989,3918.6723498780098,12.0,5.0,0.0,1.0,Media,1,0,Servicios,1
29248.300097978143,1854.1510818534573,13.0,0.0,0.0,0.0,Media,1,1,Servicios,0
14581.438241581469,1133.3044381268303,10.0,3.0,0.0,0.0,Baja,0,0,Servicios,0
19501.81617656991,1350.7217411535044,11.0,10.0,1.0,0.0,Media,0,1,Tecnologia,1
39831.4165674008,1459.5106391061097,23.0,9.0,0.0,1.0,Alta,0,1,Servicios,1
